"filename","rel_path","primary_category","all_categories","pilier","phase","statut","is_omega","size_bytes","lines_total","lines_code","lines_comments","imports_count","risques","sha256"
"audit_especes_omega.py","v8_institutional/especes/audit_especes_omega.py","AUDIT_BCE4X_Ω","AUDIT_BCE4X_Ω|LEGACY_V8","AUDIT","PHASE_XII","ACTIF","TRUE","14485","315","264","15","15","","17ddafa6f68781c2922a3af6725ab5ea5e3b7758a1b7552bd77f209cc78534b4"
"audit_longitudinal_omega.py","v8_institutional/especes/audit_longitudinal_omega.py","AUDIT_LONGITUDINAL_Ω","AUDIT_LONGITUDINAL_Ω|LEGACY_V8","AUDIT","PHASE_XIV","ACTIF","TRUE","9748","245","219","4","9","","104fc8eb497122a9c879bb65a3815cbda0489872ecc2b355d393192289bf06a8"
"bio_reacteur_loader_omega.py","v8_institutional/especes/bio_reacteur_loader_omega.py","BIO_REACTEUR_RUNTIME_Ω","BIO_REACTEUR_RUNTIME_Ω","BIO_REACTEUR","PHASE_XIII","ACTIF","TRUE","10247","239","205","2","12","","067cf7aa7ea535564b7ac2d386de2bafd82eda5a085e42a77bbbdc461750e727"
"sceau_phase_xiii_validator_omega.py","v8_institutional/especes/sceau_phase_xiii_validator_omega.py","CI_HOOK_SCEAU_Ω","CI_HOOK_SCEAU_Ω|LEGACY_V8","CI_HOOK","PHASE_XIV","ACTIF","TRUE","6908","167","145","0","9","","86af448153979795f0cc626e40ae8f034a3b4be44454df5651e75b799500b490"
"engine_chevreuil_omega.py","v8_institutional/especes/engine_chevreuil_omega.py","ENGINE_ESPECE_Ω","ENGINE_ESPECE_Ω","ESPECE","PHASE_XII","ACTIF","TRUE","6594","132","123","0","11","","7fa3584b6afa29a49a75b44814d164fa4d42057a6c04e776d1cca4be5dbab796"
"engine_dindon_omega.py","v8_institutional/especes/engine_dindon_omega.py","ENGINE_ESPECE_Ω","ENGINE_ESPECE_Ω","ESPECE","PHASE_XII","ACTIF","TRUE","7453","145","134","3","10","","c1fc49d44802dad0bae09061735599b17efa8e33fabf15c22c2bc5ad6f2e56d1"
"engine_especes_omega.py","v8_institutional/especes/engine_especes_omega.py","ENGINE_ESPECE_Ω","ENGINE_ESPECE_Ω","ESPECE","PHASE_XII","ACTIF","TRUE","6746","160","143","2","20","","8c4205d814fa91f067e86d7ef13b77b20c0db52cb65b71e03b80415a5bc2a370"
"engine_orignal_omega.py","v8_institutional/especes/engine_orignal_omega.py","ENGINE_ESPECE_Ω","ENGINE_ESPECE_Ω","ESPECE","PHASE_XII","ACTIF","TRUE","6770","133","124","1","11","","fe79ebc37531f052bf9567b7375040a3b41adc822941174cf641d3d9d8766546"
"engine_ours_noir_omega.py","v8_institutional/especes/engine_ours_noir_omega.py","ENGINE_ESPECE_Ω","ENGINE_ESPECE_Ω","ESPECE","PHASE_XII","ACTIF","TRUE","6583","130","121","2","11","","3f9c28e206eb21136bf5e0c5abae6a098219b06878178496168cd1348893aea9"
"engine_wapiti_omega.py","v8_institutional/especes/engine_wapiti_omega.py","ENGINE_ESPECE_Ω","ENGINE_ESPECE_Ω","ESPECE","PHASE_XII","ACTIF","TRUE","6770","133","124","1","11","","5d3b0f0f765c0a77deb486bd2056f2e4a7e10c45422b90a344d686c64343f917"
"engine_ia_omega.py","v8_institutional/scientifique_omega/engine_ia_omega.py","ENGINE_IA_Ω","ENGINE_IA_Ω","IA","PHASE_XV_BLOC_2","ACTIF","TRUE","10304","228","206","2","13","","f716b870a7185f5a7aa54d762d817479c5088ec56592261b0cf1c32a1f2b234c"
"__init__.py","v8_institutional/especes/__init__.py","ESPECES_SUPPORT","ESPECES_SUPPORT|LEGACY_V8","LEGACY","V8","ACTIF","FALSE","5960","144","121","0","9","","5842df8138d021b59556d5357a671d194a74d97d11eae75b1d9dd10700fb130c"
"x6012_regulatory_compliance_engine.py","nutrition_intelligence/x6012_regulatory_compliance_engine.py","IA_LEGACY","IA_LEGACY","IA","—","ACTIF","FALSE","11499","208","186","5","0","","e07d6a282633551e4b4e4a5cae1b6a68c14f4a6367dec20c55fe0e56c857fa28"
"__init__.py","supra_engine_v7/__init__.py","LEGACY_SUPRA","LEGACY_SUPRA","LEGACY","SUPRA","ACTIF","FALSE","52","1","0","1","0","","f22160ec405072494e0ab0c67c73d85e1eb559fb1c0894d08bbb37384d729a94"
"__init__.py","supra_advanced/__init__.py","LEGACY_SUPRA","LEGACY_SUPRA","LEGACY","SUPRA","ACTIF","FALSE","36","1","0","1","0","","06bbb37510fa098d2261e6a97008a0df59d9f1d45c7bb6bc65359d0d2fcd7558"
"router.py","supra_engine_v7/router.py","LEGACY_SUPRA","LEGACY_SUPRA","LEGACY","SUPRA","ACTIF","FALSE","13823","305","235","26","18","","853c38ba273a98409bfe84098104a5279ef5d60db72a38818ccea7c65a6f0d52"
"router.py","supra_advanced/router.py","LEGACY_SUPRA","LEGACY_SUPRA","LEGACY","SUPRA","ACTIF","FALSE","11568","311","237","28","8","","e59bb9491b2c35b9de146bf86697f4bd0f5a8eca599a4161296abedbb7f3e8df"
"territory_bridge.py","supra_advanced/territory_bridge.py","LEGACY_SUPRA","LEGACY_SUPRA","LEGACY","SUPRA","ACTIF","FALSE","5471","145","121","8","8","","01638845bee9333b6b6ea10e936d8280822f56408d010c9a331e7811a114c3ed"
"__init__.py","spatial_engine_v7/__init__.py","LEGACY_V7","LEGACY_V7","LEGACY","V7","ACTIF","FALSE","53","1","0","1","0","","5776153084c2e9b097b8255f85c10616c83307a94170eff660965fd4ac37041f"
"router.py","spatial_engine_v7/router.py","LEGACY_V7","LEGACY_V7","LEGACY","V7","ACTIF","FALSE","30360","735","571","59","14","placeholder_detected","adcd1b22918466eb3f05e0d40618feae49d087c4a010eb28c3c28b8e1f817968"
"__init__.py","v8_national/__init__.py","LEGACY_V8","LEGACY_V8","LEGACY","V8","ACTIF","FALSE","52","1","0","1","0","","345acca0100309a5da9a6ed92120018346ebdb9da3dbd9132242a2adb18d2e84"
"exclusion_engine.py","v8_national/exclusion_engine.py","LEGACY_V8","LEGACY_V8","LEGACY","V8","ACTIF","FALSE","21373","489","389","46","12","","42cbed5d1c99066b45baa424e1a5819ab7286b57e6c54bb665277571dbd4cfec"
"governance.py","v8_national/governance.py","LEGACY_V8","LEGACY_V8","LEGACY","V8","ACTIF","FALSE","7661","197","163","6","13","","690ff6835b7eea1bbfc90e5f6b11171dc6e77f25f1732f0efd1f7106e19d87b8"
"map_bundle.py","v8_national/map_bundle.py","LEGACY_V8","LEGACY_V8","LEGACY","V8","ACTIF","FALSE","13480","313","261","13","24","","05329cc8c3d2d21945ea4efe146e294d3ee044198e54161f94867dd8455253b7"
"p1_pipelines.py","v8_national/p1_pipelines.py","LEGACY_V8","LEGACY_V8","LEGACY","V8","ACTIF","FALSE","10454","261","210","15","9","","ba2d682e255481db3904731933cad57e464f85e7c0e8a01d6415d4d28f997e80"
"phase_a_engines.py","v8_national/phase_a_engines.py","LEGACY_V8","LEGACY_V8","LEGACY","V8","ACTIF","FALSE","16232","360","277","26","8","","32f454152ef7dea2f1ee55d394bc9d3d9d2b51154f293a43dcb2b00c0146877b"
"phase_b_engines.py","v8_national/phase_b_engines.py","LEGACY_V8","LEGACY_V8","LEGACY","V8","ACTIF","FALSE","33451","770","571","84","7","","ede994e06f35459e0286acbe32c490c10f3deeec9c19086e2e0df7924cca351f"
"phase_c_engines.py","v8_national/phase_c_engines.py","LEGACY_V8","LEGACY_V8","LEGACY","V8","ACTIF","FALSE","15424","364","282","30","13","","51746ac46e3b629a7cd1b631ddd90ab14ab4a0c447e333e41c80112898289faa"
"referentials.py","v8_national/referentials.py","LEGACY_V8","LEGACY_V8","LEGACY","V8","ACTIF","FALSE","13401","272","235","15","0","","0c610c3466b853a6a7a66643821ba6ca454ac0affc9af4302da45a83de6daa06"
"router.py","v8_national/router.py","LEGACY_V8","LEGACY_V8","LEGACY","V8","ACTIF","FALSE","13203","305","259","13","26","","f18a2e5b35a832da9d9bb1345f43222412ab4b5fe02d8037ff507648765b66ed"
"__init__.py","wildlife_behavior_omega/__init__.py","ORPHAN","ORPHAN","ORPHAN","—","ACTIF","FALSE","551","15","13","0","2","","8424303e2ced6375a4bb2736f4a354073036daa50c682916f1e42508fda8faed"
"__init__.py","terrain_3d_omega/__init__.py","ORPHAN","ORPHAN","ORPHAN","—","ACTIF","FALSE","508","15","13","0","2","","5f25b11a7171ecb8cb5db419ba86a8d0a485d8656838f3d38236c027b77eeab1"
"__init__.py","bdre/__init__.py","ORPHAN","ORPHAN","ORPHAN","—","ACTIF","FALSE","3431","111","83","0","9","","b2412b738ac1b8efba611e160b7d02c6503742d01a1ace1645e7b9d415f6d02d"
"__init__.py","hunt_orchestrator/__init__.py","ORPHAN","ORPHAN","ORPHAN","—","ACTIF","FALSE","456","14","12","0","0","","3374506dd2048070428ac80058ec70810aa3ee33a49842c9afc5c9f0c4df6a5a"
"__init__.py","ecoforestry_omega/__init__.py","ORPHAN","ORPHAN","ORPHAN","—","ACTIF","FALSE","525","15","13","0","2","","4f3ab419d74e3f11ec9ecae9d6fbc6ad4545157a6b2b0d081f3937f1a0b911f9"
"__init__.py","nutrition_intelligence/__init__.py","ORPHAN","ORPHAN","ORPHAN","—","ACTIF","FALSE","1361","16","16","0","34","","27d3d1e9d6942326c5ea9f1af888fd03d0f8e374121aa03fc85d0c7cf2b331c0"
"__init__.py","bio_scoring_omega/__init__.py","ORPHAN","ORPHAN","ORPHAN","—","ACTIF","FALSE","520","15","13","0","2","","941fa23447776dbfc96b9e9dcc6cb6fea9c0923c3efcc1884fa2c25044915417"
"__init__.py","corridor_unified/__init__.py","ORPHAN","ORPHAN","ORPHAN","—","ACTIF","FALSE","111","2","0","2","0","","0b90008baa28d92cf0befd42e7e7957b4590d2718fc6beea6453232d9d5359e9"
"__init__.py","legal_time_omega/__init__.py","ORPHAN","ORPHAN","ORPHAN","—","ACTIF","FALSE","532","15","13","0","2","","5724b7d5ed8e894a29a6fb7caec76d8646b4532374f755382ca7b8af15b12f18"
"__init__.py","hydro_topo_omega/__init__.py","ORPHAN","ORPHAN","ORPHAN","—","ACTIF","FALSE","529","15","13","0","2","","bdeef00259211b3201802b5ee687f56641b2b100cc9ee6efd45f544d17de3cf6"
"__init__.py","eco_zones_omega/__init__.py","ORPHAN","ORPHAN","ORPHAN","—","ACTIF","FALSE","522","15","13","0","2","","f5e350081f45316358a360aa7c59ceaaf3e5ba2bdb1e4bb87c95d490d80f49bc"
"__init__.py","terrain_nav/__init__.py","ORPHAN","ORPHAN","ORPHAN","—","ACTIF","FALSE","7041","192","148","11","17","","ed8a4f58a9e3a795ba23de3bf7a46d646778bb79efa4bdccd85d22b7574377af"
"__init__.py","reseau_veineux_omega/__init__.py","ORPHAN","ORPHAN","ORPHAN","—","ACTIF","FALSE","537","15","13","0","2","","17954cdf7161b634b5b12e8e6c7ad450bf8c6399841c7556e6a352db576c90b0"
"__init__.py","weather_v3/__init__.py","ORPHAN","ORPHAN","ORPHAN","—","ACTIF","FALSE","31","1","0","1","0","","07356eb74fd40746885ba4e65bfa1078c412e0183d0ddad801e40070a2bb827d"
"__init__.py","relocation/__init__.py","ORPHAN","ORPHAN","ORPHAN","—","ACTIF","FALSE","121","2","0","2","0","","70a5257b66fa238aef59001f182349e8bbc5e4e622fa8056ae66e8455193bb3f"
"__init__.py","advanced_geospatial_omega/__init__.py","ORPHAN","ORPHAN","ORPHAN","—","ACTIF","FALSE","538","15","13","0","2","","c9d83e77b014e5dc05cf8eccd9a945a4d2f26a3047ab8d3d819705daea5d43b2"
"__init__.py","predictive_omega/__init__.py","ORPHAN","ORPHAN","ORPHAN","—","ACTIF","FALSE","542","15","13","0","2","","95c1a1fbf60c81c3f267bedd617cb5cbb3b96326ff0df62c0a5537f74ab204c3"
"__init__.py","post_smoothing/__init__.py","ORPHAN","ORPHAN","ORPHAN","—","ACTIF","FALSE","283","8","6","0","0","","d8bea42c1665da903f0b0ba3bb945768efa896bf5949be1353c1ef0b46c9c9e2"
"access_engine.py","hunt_orchestrator/access_engine.py","ORPHAN","ORPHAN","ORPHAN","—","ACTIF","FALSE","35599","932","732","64","22","","1f6d82167783d9ca11c5a59d86c1da7459ef4d5117a6aeb17044e42814321614"
"anomaly_detector.py","bdre/anomaly_detector.py","ORPHAN","ORPHAN","ORPHAN","—","ACTIF","FALSE","5367","151","124","5","3","","396741ae948b2e5ed7ef399cbf0d2c38fd991f6b95b6349c89ff925d29c1b50b"
"anti_regression_omega.py","post_smoothing/anti_regression_omega.py","ORPHAN","ORPHAN","ORPHAN","—","ACTIF","TRUE","13837","321","263","24","12","","c644223b4c90fd36bc58f6be2ee4c78634b035f88aaf548ed0bfff04e8893d7a"
"audit_logger.py","bdre/audit_logger.py","ORPHAN","ORPHAN","ORPHAN","—","ACTIF","FALSE","3292","109","95","0","5","fallback_detected","0cf0aeaee2481bfdd7ac9a7e3239804e12f796f5f32abbe06925d32314e1d5c8"
"baseline_registry_omega.py","post_smoothing/baseline_registry_omega.py","ORPHAN","ORPHAN","ORPHAN","—","ACTIF","TRUE","4451","118","96","3","6","","6712bc21dd619fef44a7c948c48a0eba74670c77d09cc7799f7794d91d6d2d1e"
"candidate_generator.py","relocation/candidate_generator.py","ORPHAN","ORPHAN","ORPHAN","—","ACTIF","FALSE","5885","177","138","7","8","","d49a6f3ae5f9ad544eae5db0093072ab4a607184cacc0909fb9e89cc66ec305f"
"choix_affuts.py","hunt_orchestrator/choix_affuts.py","ORPHAN","ORPHAN","ORPHAN","—","ACTIF","FALSE","16874","420","333","38","11","","846af306006ce60a6f8e8827810e2036eb024017d79f1f1248405688a16969bd"
"corridor_builder.py","corridor_unified/corridor_builder.py","ORPHAN","ORPHAN","ORPHAN","—","ACTIF","FALSE","9557","269","207","15","14","","f4e4f98d4e5b483cc074f361587e9edd0f28e12c8548057c2eb50a37fba90557"
"corridor_model.py","corridor_unified/corridor_model.py","ORPHAN","ORPHAN","ORPHAN","—","ACTIF","FALSE","9254","291","228","14","8","","bd85c47997f3a690a001d9a00fd564c7f237a286641845fee61f8b456e8ba255"
"corridor_optimizer_v2.py","bdre/corridor_optimizer_v2.py","ORPHAN","ORPHAN","ORPHAN","—","ACTIF","FALSE","23822","596","480","38","7","","f8dedd4109df8cc5a10e279980249973b2e9ae9121b82a90b2747ce4037a4f47"
"external_inflow.py","reseau_veineux_omega/external_inflow.py","ORPHAN","ORPHAN","ORPHAN","—","ACTIF","FALSE","16534","332","258","36","8","","bfd70e6944aae817f9a383989505be3dfc1151f9b16687522d8e840eef07004d"
"fallback_chain.py","bdre/fallback_chain.py","ORPHAN","ORPHAN","ORPHAN","—","ACTIF","FALSE","22722","500","406","42","14","","21ef92978293ee38be967b6b1fcb73a3016cace0148b19609e54efb4178a5794"
"health_monitor.py","bdre/health_monitor.py","ORPHAN","ORPHAN","ORPHAN","—","ACTIF","FALSE","2836","92","76","1","3","","b0ef40b124744c089c0c58af4dc2b643e8fc6644dc95a225f03d4bd1e0cb70b2"
"institutional_cache.py","bdre/institutional_cache.py","ORPHAN","ORPHAN","ORPHAN","—","ACTIF","FALSE","15430","439","342","26","18","","af61b52c7cec62615885e04b21ea590ccc27b3f4f04eb6cd87217814733bd31f"
"interzone_omega.py","post_smoothing/interzone_omega.py","ORPHAN","ORPHAN","ORPHAN","—","ACTIF","TRUE","25719","584","456","67","8","","c612b36046314f6890856c97085154818b809922e2b1bd3623ce371ea119d24a"
"orchestrator.py","hunt_orchestrator/orchestrator.py","ORPHAN","ORPHAN","ORPHAN","—","ACTIF","FALSE","17823","454","366","39","23","","2f78a3f0129eaa56c59a2abbad03ca774e7631e42a3904d84d47eb9502a2b992"
"organic_corridor_smoother.py","post_smoothing/organic_corridor_smoother.py","ORPHAN","ORPHAN","ORPHAN","—","ACTIF","FALSE","40519","813","636","104","19","","7cf53689fb7f42b77ab134d3bed87ad7ed1da9572283a87e07e38b889a127619"
"p1_preparation.py","post_smoothing/p1_preparation.py","ORPHAN","ORPHAN","ORPHAN","—","ACTIF","FALSE","24504","525","424","41","15","","0144ca6155b784cb326a72bcbc162a69647e369db6ddd3fd3ca70815c181922c"
"predictive_integration.py","post_smoothing/predictive_integration.py","ORPHAN","ORPHAN","ORPHAN","—","ACTIF","FALSE","11632","284","230","12","9","","47dfb202ea545ea46ef36d1862b62b77a70b1f20ae7cabfb59f3805553e17ad5"
"quality_scorer.py","bdre/quality_scorer.py","ORPHAN","ORPHAN","ORPHAN","—","ACTIF","FALSE","7294","215","168","12","4","fallback_detected","20d8f43df07515160d360addd7d5ee51b678eb716b1d46aae69464984e668d25"
"relocation_engine.py","relocation/relocation_engine.py","ORPHAN","ORPHAN","ORPHAN","—","ACTIF","FALSE","10885","331","258","23","10","","fb04a55c18191a895710cf751169395c7bdba370ff9882d241c76804b9f18fdc"
"renduomega.py","post_smoothing/renduomega.py","ORPHAN","ORPHAN","ORPHAN","—","ACTIF","FALSE","28821","632","501","60","9","","1c14ec3edf789e46d9549fc9e18eeb7e1306ce527c61bc052f334aef9aa79b3c"
"router.py","wildlife_behavior_omega/router.py","ORPHAN","ORPHAN","ORPHAN","—","ACTIF","FALSE","4910","113","89","7","7","","bf35ea0b0e59ca28ae777b8c1188c3651db415349d548b6c040a26a60b442dab"
"router.py","terrain_3d_omega/router.py","ORPHAN","ORPHAN","ORPHAN","—","ACTIF","FALSE","5267","148","118","6","10","","1e25c08a5fb6c5af273e16deb075180fce86c8731edfff215a792530cf459c43"
"router.py","bdre/router.py","ORPHAN","ORPHAN","ORPHAN","—","ACTIF","FALSE","19282","571","442","45","20","fallback_detected","c3daf59360e065abdfaa5bf9d275038a40ec049407982189563f904a5b7b51a3"
"router.py","hunt_orchestrator/router.py","ORPHAN","ORPHAN","ORPHAN","—","ACTIF","FALSE","16253","454","376","11","19","","fc3d4bd8f45f5e41b074a58d8c08a745ecc310ccb4e957e6f344f07775d06976"
"router.py","ecoforestry_omega/router.py","ORPHAN","ORPHAN","ORPHAN","—","ACTIF","FALSE","5765","140","105","12","8","","37f26422cd92d62a846f3b12c1b23a128d93874ad8912a022a55b1a5b05708cb"
"router.py","nutrition_intelligence/router.py","ORPHAN","ORPHAN","ORPHAN","—","ACTIF","FALSE","35742","910","672","79","72","","f75762f4e9344fc9ecd6f696bbe616c18c6a317c9e3de09d6c1d5136f57bd6e7"
"router.py","bio_scoring_omega/router.py","ORPHAN","ORPHAN","ORPHAN","—","ACTIF","FALSE","3768","115","90","12","7","","690b9b8d90286b85744442715b88b58b8c02f12baf948692794c06927a20cc2e"
"router.py","corridor_unified/router.py","ORPHAN","ORPHAN","ORPHAN","—","ACTIF","FALSE","7024","178","155","2","12","","a91ba0bbfab7c6b57df3edabec0719620d912c667f3ada8f9727652a265eb191"
"router.py","legal_time_omega/router.py","ORPHAN","ORPHAN","ORPHAN","—","ACTIF","FALSE","8210","186","147","14","11","","3212acc450f2667a82e0a5f013a54f86a95153dfaed93e5da1fc3a16bd216077"
"router.py","hydro_topo_omega/router.py","ORPHAN","ORPHAN","ORPHAN","—","ACTIF","FALSE","4611","128","103","3","8","","64d5f7f4eb8b06194a438a03133863991af633595cad2f5a6be461146cc41a63"
"router.py","eco_zones_omega/router.py","ORPHAN","ORPHAN","ORPHAN","—","ACTIF","FALSE","6403","142","113","8","7","","edc97f665dd230c415dd3867b854717e66b89bf465fce93b513b5960fde85d92"
"router.py","reseau_veineux_omega/router.py","ORPHAN","ORPHAN","ORPHAN","—","ACTIF","FALSE","13401","325","274","16","13","","0e2eb7cbed7eec7a2691c5c786797c1e89017f4c154261dfd51f3324af2fc389"
"router.py","weather_v3/router.py","ORPHAN","ORPHAN","ORPHAN","—","ACTIF","FALSE","13020","398","326","14","10","","636db94adbdd9cbd1ef38108a4a7bc276faaa600566ddf5f86475297ab9b4c55"
"router.py","relocation/router.py","ORPHAN","ORPHAN","ORPHAN","—","ACTIF","FALSE","4688","134","111","2","9","","3f826f109d86425f631d7a0153f960e48b954a068431fe25eb913d476d3479a3"
"router.py","advanced_geospatial_omega/router.py","ORPHAN","ORPHAN","ORPHAN","—","ACTIF","FALSE","6344","169","140","3","10","","1ba26c9c0c7874a4aee88bd85eb38596b9eb2319091f9ebb0769fc6a9494ccd5"
"router.py","predictive_omega/router.py","ORPHAN","ORPHAN","ORPHAN","—","ACTIF","FALSE","6275","180","147","4","13","","09b15150fc1ba4e3297d8c781b0c2c1fee918704083567daa6bfc40a35fab12d"
"source_registry.py","bdre/source_registry.py","ORPHAN","ORPHAN","ORPHAN","—","ACTIF","FALSE","8120","251","232","2","4","","8179d2621f63b0897c8669a9898c9f31663a4dbbefe1e3811a85eec4c0ebbf58"
"source_selector.py","bdre/source_selector.py","ORPHAN","ORPHAN","ORPHAN","—","ACTIF","FALSE","2399","76","63","1","2","","9b2cc4a065fb9693e12f35b6a95ce7c96fad5ed982bc437ae206dab9c2928af7"
"terrain_costs.py","terrain_nav/terrain_costs.py","ORPHAN","ORPHAN","ORPHAN","—","ACTIF","FALSE","11719","318","243","28","7","","992ce471479217badaaff8b007c5b54579e82f7cff2b511bc08527d57a03ad1f"
"terrain_graph.py","terrain_nav/terrain_graph.py","ORPHAN","ORPHAN","ORPHAN","—","ACTIF","FALSE","11787","321","252","21","16","","039f120f296a4661cb2b873d02eaa816a19ae6fb18e0e75d39d24aeace996398"
"terrain_router.py","terrain_nav/terrain_router.py","ORPHAN","ORPHAN","ORPHAN","—","ACTIF","FALSE","20568","544","426","42","7","","7b7e1ea91844b06d79450668cfa0bca2fd7b7d322f30ba3dc9af4e4528f016c7"
"terrain_signals_builder.py","post_smoothing/terrain_signals_builder.py","ORPHAN","ORPHAN","ORPHAN","—","ACTIF","FALSE","15360","352","286","10","8","","a110fc3d36e9b053b5687d534fc8e5ab70d8cdf245e442d4287e06ab78726f44"
"terrain_sources.py","terrain_nav/terrain_sources.py","ORPHAN","ORPHAN","ORPHAN","—","ACTIF","FALSE","17054","453","354","27","15","","6f1e4d22bfa19c5f271488dcb7ea8929cdc83eaa658459ac3bcf6028cbd06efe"
"v30_mirror_read_only.py","bio_scoring_omega/v30_mirror_read_only.py","ORPHAN","ORPHAN","ORPHAN","—","ACTIF","FALSE","5222","156","129","2","8","","45d7d0ceebad90bf5219278e134ff15c9322531687807c62b21211f59bb826c9"
"veineux_omega.py","post_smoothing/veineux_omega.py","ORPHAN","ORPHAN","ORPHAN","—","ACTIF","TRUE","21073","499","384","56","9","","180b65c30dccb7c62e24d382135a4b260b7f9c78cafe2b2a7ca05942e63621ff"
"vent_odeurs.py","hunt_orchestrator/vent_odeurs.py","ORPHAN","ORPHAN","ORPHAN","—","ACTIF","FALSE","11395","337","265","16","9","","99c387b05625177ff5b3f7b28f6055a41d6ec011c8404a0a68aa59ba12a878c2"
"waterway_classifier.py","bdre/waterway_classifier.py","ORPHAN","ORPHAN","ORPHAN","—","ACTIF","FALSE","4520","131","106","8","2","","e6c7ded32715ca4d2a4c5fdc78dee02646043b34eff0ac3c30ff0bdf3a298f58"
"wind_model_provider.py","weather_v3/wind_model_provider.py","ORPHAN","ORPHAN","ORPHAN","—","ACTIF","FALSE","6889","210","162","11","7","","2ff795863f7ef9719d913d8c8a6c23b3ac4971e9e8ce2366b7796b7c6442cefb"
"x199_commons.py","x199_commons.py","ORPHAN","ORPHAN","ORPHAN","—","ACTIF","FALSE","2017","57","47","0","5","","e916dbc9527b6f19caade5465ebe698725cadb33ee32233c6836f46b0ce75ea8"
"x5100_mineral_score.py","nutrition_intelligence/x5100_mineral_score.py","ORPHAN","ORPHAN","ORPHAN","—","ACTIF","FALSE","5904","142","123","1","0","","612120c19bf068b0aa87209a9838a1f598ea832308f17709e7787c908ebe5230"
"x5200_mineral_recommendation.py","nutrition_intelligence/x5200_mineral_recommendation.py","ORPHAN","ORPHAN","ORPHAN","—","ACTIF","FALSE","4286","111","102","0","2","","61acbd99f2fff019e7ab0e988799279b0035d2bb7f5626419c5774d59d3353a1"
"x5300_order_engine.py","nutrition_intelligence/x5300_order_engine.py","ORPHAN","ORPHAN","ORPHAN","—","ACTIF","FALSE","2175","60","54","0","1","","a3342f2e149abab3d57bf7ed0610cd2f29f91aa2e6b1e9c01fa9f48a66f2ebd1"
"x5500_energy_protein.py","nutrition_intelligence/x5500_energy_protein.py","ORPHAN","ORPHAN","ORPHAN","—","ACTIF","FALSE","15685","331","328","0","0","","a1aa53f156bdaf9b278f9f1fb9207a75e39313c669b49cb3f62783e2f99a0376"
"x5600_site_guide.py","nutrition_intelligence/x5600_site_guide.py","ORPHAN","ORPHAN","ORPHAN","—","ACTIF","FALSE","9037","161","152","0","0","","85e93f9bcd60568e6c85d3a3902edfe893f64fd03413122e439b2efa349983d9"
"x5700_cost_engine.py","nutrition_intelligence/x5700_cost_engine.py","ORPHAN","ORPHAN","ORPHAN","—","ACTIF","FALSE","3287","73","63","0","3","","62e1dc0008af9719037b907f981f129f3a5f2cb0fcf362dcd379cf54b6e6d6bb"
"x5800_recipe_engine.py","nutrition_intelligence/x5800_recipe_engine.py","ORPHAN","ORPHAN","ORPHAN","—","ACTIF","FALSE","3496","83","75","0","4","","1d1593ad02541aec6f9c026a2d09970d2253103169b9d6f72886fb721a7553ea"
"x5900_evidence_engine.py","nutrition_intelligence/x5900_evidence_engine.py","ORPHAN","ORPHAN","ORPHAN","—","ACTIF","FALSE","10974","276","250","5","0","","7759654fb7669203e02e7001b5760fed8c31959a3b7b87e22ea4d4ddc1b1a409"
"x6000_product_score.py","nutrition_intelligence/x6000_product_score.py","ORPHAN","ORPHAN","ORPHAN","—","ACTIF","FALSE","11015","240","221","0","0","","07bfea2885850076d3e95735c66a3ef2dc844f39e27080db091711e061fa440c"
"x6010_product_quality_analyzer.py","nutrition_intelligence/x6010_product_quality_analyzer.py","ORPHAN","ORPHAN","ORPHAN","—","ACTIF","FALSE","7727","173","158","3","1","","7ad548cf41c319d9ba496b39710db5522f39902f7edfae9b4c881bca4c8e78fc"
"x6011_market_availability_engine.py","nutrition_intelligence/x6011_market_availability_engine.py","ORPHAN","ORPHAN","ORPHAN","—","ACTIF","FALSE","12560","280","264","3","0","","544433ede26ba8a060a03ca74cd947e272cef2515712ccec49b79e5a96473e4b"
"x6020_terrain_solutions.py","nutrition_intelligence/x6020_terrain_solutions.py","ORPHAN","ORPHAN","ORPHAN","—","ACTIF","FALSE","14668","346","328","5","0","","966c41a5c0b3cdd94d594a4a96c758d4c150c3f4f8ca54fb3905bec5fecf062d"
"x6030_product_ecosystem.py","nutrition_intelligence/x6030_product_ecosystem.py","ORPHAN","ORPHAN","ORPHAN","—","ACTIF","FALSE","12177","292","284","1","0","","3e633d24b3a265be9b04bfbbb985399de47f8e9404825e0577c79a9c0619b924"
"x7000_supplier_product_engine.py","nutrition_intelligence/x7000_supplier_product_engine.py","ORPHAN","ORPHAN","ORPHAN","—","ACTIF","FALSE","9953","299","244","9","5","","515002deb9cfa2b778d08be028019933a2b88443951319a853718f9aaed9bc07"
"__init__.py","v8_institutional/scientifique_omega/__init__.py","SCIENTIFIQUE_Ω","SCIENTIFIQUE_Ω","SCIENTIFIQUE","PHASE_XV_BLOC_1","ACTIF","TRUE","1940","33","29","0","12","","a9f5efc0fcb01af33ceecaaa805b1419e675611f642154c9d6bf1d309af72172"
"engine_comportement_omega.py","v8_institutional/scientifique_omega/engine_comportement_omega.py","SCIENTIFIQUE_Ω","SCIENTIFIQUE_Ω","SCIENTIFIQUE","PHASE_XV_BLOC_1","ACTIF","TRUE","4997","112","98","0","6","","ff3bddae2aaff70055a95033ad20074852868636ded835928cd52105b820de69"
"engine_odeur_omega.py","v8_institutional/scientifique_omega/engine_odeur_omega.py","SCIENTIFIQUE_Ω","SCIENTIFIQUE_Ω","SCIENTIFIQUE","PHASE_XV_BLOC_1","ACTIF","TRUE","6963","137","114","9","8","","0377cd4046f22d4ba021f232a2d54bf31c400c2b4fe877da587b3c3585eb3d6d"
"engine_patterns_omega.py","v8_institutional/scientifique_omega/engine_patterns_omega.py","SCIENTIFIQUE_Ω","SCIENTIFIQUE_Ω","SCIENTIFIQUE","PHASE_XV_BLOC_1","ACTIF","TRUE","5315","103","93","0","6","","0e89063c9eade4364b85dd66d8f3d65228dab5c31a21d65d84456a28e98bdf40"
"engine_sensoriel_omega.py","v8_institutional/scientifique_omega/engine_sensoriel_omega.py","SCIENTIFIQUE_Ω","SCIENTIFIQUE_Ω","SCIENTIFIQUE","PHASE_XV_BLOC_1","ACTIF","TRUE","4475","103","92","1","8","","632f0f64350c957245c4953b05ce53d00e9f822d4a61600d9f738b23b1a335d9"
"engine_vision_omega.py","v8_institutional/scientifique_omega/engine_vision_omega.py","SCIENTIFIQUE_Ω","SCIENTIFIQUE_Ω","SCIENTIFIQUE","PHASE_XV_BLOC_1","ACTIF","TRUE","6082","133","119","0","7","","a2463f472e9454474540e21abbb7761d88c83a4e82107decc66113ac9564058b"
"super_engines_omega_specs.py","v8_institutional/especes/super_engines_omega_specs.py","SUPER_ENGINES_INTERFACES_Ω","SUPER_ENGINES_INTERFACES_Ω|LEGACY_V8","SUPER_ENGINE","PHASE_XIV","ACTIF","TRUE","12251","268","249","4","9","","db0b240870507751e82ab0c78d5c6dd4e5c29a3ecab634a5c68b9c863ee71669"
"engine_ia_corridors_omega.py","v8_institutional/engine_ia_corridors_omega.py","V30_LOCKED","V30_LOCKED|LEGACY_V8","V30_CRYPTO_LOCK","V30","ACTIF","TRUE","17448","458","368","23","11","","bcb1e3a6a92304a171978ee7b6be2151e7035c84d8ffc1690839d993be9e39d3"
"registry_lock_omega.py","v8_institutional/registry_lock_omega.py","V30_LOCKED","V30_LOCKED|LEGACY_V8","V30_CRYPTO_LOCK","V30","ACTIF","TRUE","8703","180","134","28","4","","fb765b94cc1fd4216c4afa4c0fb72bc1fd8e18fc26b6955db8157b42a26ecb0c"
"__init__.py","v8_institutional/__init__.py","V8_INSTITUTIONAL_Ω","V8_INSTITUTIONAL_Ω|LEGACY_V8","V8","—","ACTIF","TRUE","305","8","8","0","0","","560692b53e3ee83b82c27b550faba282105b7ef6ea235fa2e5508d7e5a141548"
"corridors_vitaux_omega.py","v8_institutional/corridors_vitaux_omega.py","V8_INSTITUTIONAL_Ω","V8_INSTITUTIONAL_Ω|LEGACY_V8","V8","—","ACTIF","TRUE","22028","466","380","36","12","","1c6ca2b9e04f88bc1c2abf7e825ab756741476fa5ee12683d0518b116850fd49"
"ecological_orchestrator_omega.py","v8_institutional/ecological_orchestrator_omega.py","V8_INSTITUTIONAL_Ω","V8_INSTITUTIONAL_Ω|LEGACY_V8","V8","—","ACTIF","TRUE","20638","454","366","39","11","","01f9e940a063b6c58c11b610d13c6a1f499f989a25c733fb964e595002dce14b"
"engine_affuts.py","v8_institutional/engine_affuts.py","V8_INSTITUTIONAL_Ω","V8_INSTITUTIONAL_Ω|LEGACY_V8","V8","—","ACTIF","TRUE","466","10","9","0","1","","fedc1e8480b48b2b8dbb9330e24dd351d9eb6c228ffba7c4b0456d4cab0c8610"
"engine_audio_acoustique.py","v8_institutional/engine_audio_acoustique.py","V8_INSTITUTIONAL_Ω","V8_INSTITUTIONAL_Ω|LEGACY_V8","V8","—","ACTIF","TRUE","4222","90","77","0","3","","f418835be0cea9863cb7da6a72c45b5bddf267b60dd9bbc8249be0a6ccdf0ebf"
"engine_bio_signes.py","v8_institutional/engine_bio_signes.py","V8_INSTITUTIONAL_Ω","V8_INSTITUTIONAL_Ω|LEGACY_V8","V8","—","ACTIF","TRUE","4562","94","80","0","3","","734dd78460281c8194c22ef74b8b9644f9c7c5bbcf857a5707d3463e0b91f1ee"
"engine_calibration_dynamique_omega.py","v8_institutional/engine_calibration_dynamique_omega.py","V8_INSTITUTIONAL_Ω","V8_INSTITUTIONAL_Ω|LEGACY_V8","V8","—","ACTIF","TRUE","4720","122","94","3","8","","e58e46a2b971d286234134a4782a00f44a89988abc52a799ce5148920357b138"
"engine_calibration_omega.py","v8_institutional/engine_calibration_omega.py","V8_INSTITUTIONAL_Ω","V8_INSTITUTIONAL_Ω|LEGACY_V8","V8","—","ACTIF","TRUE","2259","47","36","1","2","","472f4fedd7880fbdfc052e3cd6764ff49a5be87b5f961ce44c84bb698b12f13d"
"engine_cameras.py","v8_institutional/engine_cameras.py","V8_INSTITUTIONAL_Ω","V8_INSTITUTIONAL_Ω|LEGACY_V8","V8","—","ACTIF","TRUE","362","8","8","0","0","","4c2a75ffa1c8b5ee62b7fae5ce594c6e6f5d65cac896b0190dc3038aaee014ee"
"engine_canada_omega.py","v8_institutional/engine_canada_omega.py","V8_INSTITUTIONAL_Ω","V8_INSTITUTIONAL_Ω|LEGACY_V8","V8","—","ACTIF","TRUE","6004","109","90","5","5","","f8357129a759066ae9944fe5e2994648444001cd7fc7f069e1e667de4783eaee"
"engine_canopee_thermique_omega.py","v8_institutional/engine_canopee_thermique_omega.py","V8_INSTITUTIONAL_Ω","V8_INSTITUTIONAL_Ω|LEGACY_V8","V8","—","ACTIF","TRUE","1352","31","27","1","2","","bab5b1059f5cd3d050e9e0ea135b9e2e12886cb22da303400ea17f94f73a098f"
"engine_carence_nutritionnelle_omega.py","v8_institutional/engine_carence_nutritionnelle_omega.py","V8_INSTITUTIONAL_Ω","V8_INSTITUTIONAL_Ω|LEGACY_V8","V8","—","ACTIF","TRUE","2222","48","42","2","2","","7415096d9cae7aebf571a9b0339243e632f8789559bf3d22949c231bddbdf6aa"
"engine_champs_nourriciers_omega.py","v8_institutional/engine_champs_nourriciers_omega.py","V8_INSTITUTIONAL_Ω","V8_INSTITUTIONAL_Ω|LEGACY_V8","V8","—","ACTIF","TRUE","2186","46","42","0","3","","59508694ba12e9cea1ff51f757a39d52cc7965265081a1b538dd73b7559fa7c4"
"engine_climat_futur_omega.py","v8_institutional/engine_climat_futur_omega.py","V8_INSTITUTIONAL_Ω","V8_INSTITUTIONAL_Ω|LEGACY_V8","V8","—","ACTIF","TRUE","2679","64","49","5","2","","bc7613fe2a5d805fc5683bf2bca8fdd5f4f507faeae808897a4d107837dcda0e"
"engine_comportement.py","v8_institutional/engine_comportement.py","V8_INSTITUTIONAL_Ω","V8_INSTITUTIONAL_Ω|LEGACY_V8","V8","—","ACTIF","TRUE","1195","20","18","0","1","","7b17df3676ccb1f4d4bceeb5a67638df17350d83ecab500f68458a502264310b"
"engine_comportement_avance.py","v8_institutional/engine_comportement_avance.py","V8_INSTITUTIONAL_Ω","V8_INSTITUTIONAL_Ω|LEGACY_V8","V8","—","ACTIF","TRUE","681","12","11","0","1","","6bed1da8553ed6d50c85d34a5791ba2e5f702bb5b77d90d6328464dbcfd27687"
"engine_comportement_biologique_omega.py","v8_institutional/engine_comportement_biologique_omega.py","V8_INSTITUTIONAL_Ω","V8_INSTITUTIONAL_Ω|LEGACY_V8","V8","—","ACTIF","TRUE","1922","39","29","2","3","","7278489084cbbc28fc663c11173d02d6dc7240193cbecab87ad8a230d994c4e3"
"engine_connectivite.py","v8_institutional/engine_connectivite.py","V8_INSTITUTIONAL_Ω","V8_INSTITUTIONAL_Ω|LEGACY_V8","V8","—","ACTIF","TRUE","737","13","12","0","1","","a36987bcbdef1771d2a9499b63eee553749aa9fd7ba32943f97b28cbe2dc94bb"
"engine_connectivite_ecologique_omega.py","v8_institutional/engine_connectivite_ecologique_omega.py","V8_INSTITUTIONAL_Ω","V8_INSTITUTIONAL_Ω|LEGACY_V8","V8","—","ACTIF","TRUE","1248","27","19","1","2","","38f81a039dd91918849a6b86bb09496adf23c5fcf359771e918fe2be26dd41c6"
"engine_contamination_v2_omega.py","v8_institutional/engine_contamination_v2_omega.py","V8_INSTITUTIONAL_Ω","V8_INSTITUTIONAL_Ω|LEGACY_V8","V8","—","ACTIF","TRUE","4313","109","86","7","2","","f2edde81070818a5ea1a72e8a1d5a30e48d840b845194f519408aa35330d2e88"
"engine_corridors_legacy_pre_L.py","v8_institutional/_ARCHIVE_NON_ACTIVE/engine_corridors_legacy_pre_L.py","V8_INSTITUTIONAL_Ω","V8_INSTITUTIONAL_Ω|LEGACY_V8","V8","—","ACTIF","TRUE","640","11","9","1","3","","db78bb0e1bdd5adabb9f9257843a75434256032ba02bb9878d5da181f3a10aba"
"engine_espece_omega.py","v8_institutional/engine_espece_omega.py","V8_INSTITUTIONAL_Ω","V8_INSTITUTIONAL_Ω|LEGACY_V8","V8","—","ACTIF","TRUE","975","22","17","1","3","","ec260ce8218ca021593c7cf6076dc1abc98566f5e844af647ca5729fb00eff97"
"engine_forage_qualite_omega.py","v8_institutional/engine_forage_qualite_omega.py","V8_INSTITUTIONAL_Ω","V8_INSTITUTIONAL_Ω|LEGACY_V8","V8","—","ACTIF","TRUE","2326","51","44","1","3","","0a4cf3fbdaac8a9f37019534909941ef4c0cdea16140d1c9fd19560239e984f8"
"engine_frequentation.py","v8_institutional/engine_frequentation.py","V8_INSTITUTIONAL_Ω","V8_INSTITUTIONAL_Ω|LEGACY_V8","V8","—","ACTIF","TRUE","841","19","18","0","1","","9b6540714ea346c3e0c8ee73e419b742e4bb47c562306d69275188ea33bf1468"
"engine_gouvernance_omega.py","v8_institutional/engine_gouvernance_omega.py","V8_INSTITUTIONAL_Ω","V8_INSTITUTIONAL_Ω|LEGACY_V8","V8","—","ACTIF","TRUE","3196","83","74","0","13","","d96ca368e55a7106af31150799ddec30ec4b1525120fbf966bf7e21a83391058"
"engine_habitat_supra.py","v8_institutional/engine_habitat_supra.py","V8_INSTITUTIONAL_Ω","V8_INSTITUTIONAL_Ω|LEGACY_SUPRA","V8","—","ACTIF","TRUE","4631","129","112","2","2","","4a39bfdc21f375f16fd39b479de5ea302d50c56aee77f87dd12b2ca2307b5dbf"
"engine_heatmap.py","v8_institutional/engine_heatmap.py","V8_INSTITUTIONAL_Ω","V8_INSTITUTIONAL_Ω|LEGACY_V8","V8","—","ACTIF","TRUE","846","22","21","0","2","","2dd0625a56ebcd0378747b651a47865ac42ef8811f0fbfb62defced82b85742f"
"engine_hotspots.py","v8_institutional/engine_hotspots.py","V8_INSTITUTIONAL_Ω","V8_INSTITUTIONAL_Ω|LEGACY_V8","V8","—","ACTIF","TRUE","1099","27","26","0","2","","8a268fa092a0499ca517e66747084c49aabeab729029d1e210e6826d844a29c0"
"engine_hydrologie_supra.py","v8_institutional/engine_hydrologie_supra.py","V8_INSTITUTIONAL_Ω","V8_INSTITUTIONAL_Ω|LEGACY_SUPRA","V8","—","ACTIF","TRUE","2771","77","61","5","2","","161f4c611d0c252193a89669c6b319a41631135d1017e58db36920adcdc90cd7"
"engine_ia_corridors_organic_omega.py","v8_institutional/engine_ia_corridors_organic_omega.py","V8_INSTITUTIONAL_Ω","V8_INSTITUTIONAL_Ω|LEGACY_V8","V8","V30","ACTIF","TRUE","55197","1299","1001","113","14","","027712696407882fb41e34b0325e1f2b8dacb9082a860146659dc7650e6c8fc3"
"engine_ia_vision_ecologique_omega.py","v8_institutional/engine_ia_vision_ecologique_omega.py","V8_INSTITUTIONAL_Ω","V8_INSTITUTIONAL_Ω|LEGACY_V8","V8","—","ACTIF","TRUE","1584","36","27","2","2","","40204496b3a08575bafc797ee8832d171b10971d89c32bb363616bdb4c159ff7"
"engine_ia_vision_registry_omega.py","v8_institutional/engine_ia_vision_registry_omega.py","V8_INSTITUTIONAL_Ω","V8_INSTITUTIONAL_Ω|LEGACY_V8","V8","—","ACTIF","TRUE","3482","109","88","0","9","","7abd72004637d8bb291797e193c84eda7129bb3559dba64db4a88a6bbc803922"
"engine_incertitude_omega.py","v8_institutional/engine_incertitude_omega.py","V8_INSTITUTIONAL_Ω","V8_INSTITUTIONAL_Ω|LEGACY_V8","V8","—","ACTIF","TRUE","2866","67","49","5","4","","e0210bc0a5f9289a781677fda377c1b0b16c5c31c293ab5e42ace6b184dec8fb"
"engine_influence_lunaire_omega.py","v8_institutional/engine_influence_lunaire_omega.py","V8_INSTITUTIONAL_Ω","V8_INSTITUTIONAL_Ω|LEGACY_V8","V8","—","ACTIF","TRUE","2716","68","52","4","5","","ff67806c93cc8446a137adf804ac0f0f3090d57a4da389b687aec19b7ef7bdda"
"engine_intelligence.py","v8_institutional/engine_intelligence.py","V8_INSTITUTIONAL_Ω","V8_INSTITUTIONAL_Ω|LEGACY_V8","V8","—","ACTIF","TRUE","1685","38","35","0","4","","7bfce8b9f82359beeb65494d5fd3638d20a3ac87042df1225c1daea75abbf627"
"engine_microclimat_advanced_omega.py","v8_institutional/engine_microclimat_advanced_omega.py","V8_INSTITUTIONAL_Ω","V8_INSTITUTIONAL_Ω|LEGACY_V8","V8","—","ACTIF","TRUE","2113","47","40","2","2","","3f6724c18d0facca2b729b84b6de7e39736adc452936767580f187ab79ce90db"
"engine_nutrition.py","v8_institutional/engine_nutrition.py","V8_INSTITUTIONAL_Ω","V8_INSTITUTIONAL_Ω|LEGACY_V8","V8","—","ACTIF","TRUE","905","23","17","5","0","","04110915819d435e9cdefe2a2cd8e0adcb6753b742f90a34edb7ce201dea44b3"
"engine_nutrition_v12_supra.py","v8_institutional/engine_nutrition_v12_supra.py","V8_INSTITUTIONAL_Ω","V8_INSTITUTIONAL_Ω|LEGACY_SUPRA","V8","—","ACTIF","TRUE","27813","670","520","69","5","","36fae4fa3e9586257f29e2d33537131ab192516dae7b46b61f5312a5d85d0e81"
"engine_nutritional_attractiveness_omega.py","v8_institutional/engine_nutritional_attractiveness_omega.py","V8_INSTITUTIONAL_Ω","V8_INSTITUTIONAL_Ω|LEGACY_V8","V8","—","ACTIF","TRUE","2432","54","50","1","2","","fd7a973154937448549e5b7403592af6c9b0befd689eaf787ca75806cdc05e56"
"engine_optimisation_habitat_omega.py","v8_institutional/engine_optimisation_habitat_omega.py","V8_INSTITUTIONAL_Ω","V8_INSTITUTIONAL_Ω|LEGACY_V8","V8","—","ACTIF","TRUE","3143","67","62","2","2","","2710f9ef696293fbbaaab3b273ed8381f5dbb6ff1bbec01a2b3bb0ca7b4062cf"
"engine_population_dynamics_omega.py","v8_institutional/engine_population_dynamics_omega.py","V8_INSTITUTIONAL_Ω","V8_INSTITUTIONAL_Ω|LEGACY_V8","V8","—","ACTIF","TRUE","4463","93","72","10","3","","dfde1cedf8653ff8a2496245d287cc0232ee3446e3f751610549f12216381f14"
"engine_prediction.py","v8_institutional/engine_prediction.py","V8_INSTITUTIONAL_Ω","V8_INSTITUTIONAL_Ω|LEGACY_V8","V8","—","ACTIF","TRUE","3494","88","72","0","8","","7bc14ab5afd386ed853859a8e07b9bc70296b293d4ee848d8338ba02a4ec7593"
"engine_pression.py","v8_institutional/engine_pression.py","V8_INSTITUTIONAL_Ω","V8_INSTITUTIONAL_Ω|LEGACY_V8","V8","—","ACTIF","TRUE","763","14","13","0","2","","db4c96b85fd3c84499a627b09d4a849ad24b0b2be6b054230a1c25874f8fa90f"
"engine_pression_atmospherique_omega.py","v8_institutional/engine_pression_atmospherique_omega.py","V8_INSTITUTIONAL_Ω","V8_INSTITUTIONAL_Ω|LEGACY_V8","V8","—","ACTIF","TRUE","2446","59","48","3","2","","5b839db0039707b730a3c67a850dfb17cd3e01e9a2dfd34ed74e643530256679"
"engine_psychologie.py","v8_institutional/engine_psychologie.py","V8_INSTITUTIONAL_Ω","V8_INSTITUTIONAL_Ω|LEGACY_V8","V8","—","ACTIF","TRUE","4262","87","74","0","3","","74d0d92a1c34b6501f91e32ceba5f2d2a3e6de7a72e5a45a93f215f44f934e4f"
"engine_qualite_donnees_omega.py","v8_institutional/engine_qualite_donnees_omega.py","V8_INSTITUTIONAL_Ω","V8_INSTITUTIONAL_Ω|LEGACY_V8","V8","—","ACTIF","TRUE","2916","83","69","1","7","","8de74c2a82f4b868f8eae481c406c77b61c02aef1d878261ecda0fb63517a0cb"
"engine_recettes_salines_omega.py","v8_institutional/engine_recettes_salines_omega.py","V8_INSTITUTIONAL_Ω","V8_INSTITUTIONAL_Ω|LEGACY_V8","V8","—","ACTIF","TRUE","2112","52","47","1","3","","b19a0fb23225a1015614ed2caff5e151cba17acb7c18107b5c7dbcca0ddfda11"
"engine_render_omega.py","v8_institutional/engine_render_omega.py","V8_INSTITUTIONAL_Ω","V8_INSTITUTIONAL_Ω|LEGACY_V8","V8","—","ACTIF","TRUE","6161","128","106","5","4","","67d7b15a0d6fbe0927b8f7b9e882a75821b625de7754525c22afb421dc102082"
"engine_rendu_omega.py","v8_institutional/engine_rendu_omega.py","V8_INSTITUTIONAL_Ω","V8_INSTITUTIONAL_Ω|LEGACY_V8","V8","—","ACTIF","TRUE","13029","369","276","35","9","","96af50ad96bb7b6bcf17cc7b4fd92ddb46df498e7aa68c20ea4397db2f0acb17"
"engine_risque.py","v8_institutional/engine_risque.py","V8_INSTITUTIONAL_Ω","V8_INSTITUTIONAL_Ω|LEGACY_V8","V8","—","ACTIF","TRUE","822","15","14","0","2","","135e6312bd018256fe65d3a44a0662967318bf44ad1790c608a8f2ac9543a769"
"engine_risques_hydro_omega.py","v8_institutional/engine_risques_hydro_omega.py","V8_INSTITUTIONAL_Ω","V8_INSTITUTIONAL_Ω|LEGACY_V8","V8","—","ACTIF","TRUE","1799","45","38","0","4","","5b14858da230d7521e2343ea4af898a381f8c0c1070ff9f733ea781b0dd6239d"
"engine_saisonnalite.py","v8_institutional/engine_saisonnalite.py","V8_INSTITUTIONAL_Ω","V8_INSTITUTIONAL_Ω|LEGACY_V8","V8","—","ACTIF","TRUE","1180","16","14","0","1","","07246c83824ef9007fd960304227e5ebb1e13a4f490f2e69a376072e59ebafd3"
"engine_salines.py","v8_institutional/engine_salines.py","V8_INSTITUTIONAL_Ω","V8_INSTITUTIONAL_Ω|LEGACY_V8","V8","—","ACTIF","TRUE","1316","25","22","1","8","","d35f94286f246922c4019db149b7712c1bbe4a826fc8e54513e52cca2385430f"
"engine_salines_v11_supra.py","v8_institutional/engine_salines_v11_supra.py","V8_INSTITUTIONAL_Ω","V8_INSTITUTIONAL_Ω|LEGACY_SUPRA","V8","—","ACTIF","TRUE","16176","431","323","43","3","","220ff36a3d7b67b6863595fbfb7ef71e9ce3939200f084b33d7e975e12c6ff32"
"engine_sante_physio_omega.py","v8_institutional/engine_sante_physio_omega.py","V8_INSTITUTIONAL_Ω","V8_INSTITUTIONAL_Ω|LEGACY_V8","V8","—","ACTIF","TRUE","1834","43","39","1","2","","b3159282414bdd142cb724f786111a07afd2ddba80668877eea76b2d0aa80ebb"
"engine_science_omega.py","v8_institutional/engine_science_omega.py","V8_INSTITUTIONAL_Ω","V8_INSTITUTIONAL_Ω|LEGACY_V8","V8","—","ACTIF","TRUE","5272","163","128","5","6","","57c4f676eb78e8d8d6f7d60a3bef6b1a2c088d684e675dfc620f2f3790793ee5"
"engine_score_global.py","v8_institutional/engine_score_global.py","V8_INSTITUTIONAL_Ω","V8_INSTITUTIONAL_Ω|LEGACY_V8","V8","—","ACTIF","TRUE","8326","188","157","9","5","","92c1bdec76f4888d253e33382c50650510ac260bfaa5e32f35848324e4658744"
"engine_sensoriel_vent_odeurs_omega.py","v8_institutional/engine_sensoriel_vent_odeurs_omega.py","V8_INSTITUTIONAL_Ω","V8_INSTITUTIONAL_Ω|LEGACY_V8","V8","—","ACTIF","TRUE","1768","38","26","5","2","","cd0d07a06debd8d9c04020af654c4f663750c07daa33bc15afa8bde9e83f6ba4"
"engine_social_structure_omega.py","v8_institutional/engine_social_structure_omega.py","V8_INSTITUTIONAL_Ω","V8_INSTITUTIONAL_Ω|LEGACY_V8","V8","—","ACTIF","TRUE","1755","37","33","0","2","","8e7a125d6a6a470eb4f0a39e109978ad816496a0b621ad59ee0e12382e07f428"
"engine_sol_nutriments_omega.py","v8_institutional/engine_sol_nutriments_omega.py","V8_INSTITUTIONAL_Ω","V8_INSTITUTIONAL_Ω|LEGACY_V8","V8","—","ACTIF","TRUE","2472","50","44","1","2","","c36790ed80d054b18e075b73bdd86df8ce9322e4c886dac6db341f66edcfafb6"
"engine_sol_supra.py","v8_institutional/engine_sol_supra.py","V8_INSTITUTIONAL_Ω","V8_INSTITUTIONAL_Ω|LEGACY_SUPRA","V8","—","ACTIF","TRUE","2884","77","60","4","2","","e68328855768dae27e58c3f736b57b9da2f49d127f89be86b48795c6243a2be2"
"engine_species_profiles_omega.py","v8_institutional/engine_species_profiles_omega.py","V8_INSTITUTIONAL_Ω","V8_INSTITUTIONAL_Ω|LEGACY_V8","V8","—","ACTIF","TRUE","4755","138","110","1","10","","635f9bf004c388f46f831c73bf8e0a82b638195a744b5de251635c6361c37ef3"
"engine_stress_anthropique_omega.py","v8_institutional/engine_stress_anthropique_omega.py","V8_INSTITUTIONAL_Ω","V8_INSTITUTIONAL_Ω|LEGACY_V8","V8","—","ACTIF","TRUE","4102","108","85","8","2","","b1796c5da86fd8f26e7450d0e6f91d949aa21e4043dd16cc8536f1cf3dd7d68f"
"engine_terrain_cost.py","v8_institutional/engine_terrain_cost.py","V8_INSTITUTIONAL_Ω","V8_INSTITUTIONAL_Ω|LEGACY_V8","V8","—","ACTIF","TRUE","585","12","11","0","2","","1cfe791ed033f7f60e16593b1744ad823a962d73bfea8fa41ab7a369b1fe52d4"
"engine_territoire_anti_regression_omega.py","v8_institutional/engine_territoire_anti_regression_omega.py","V8_INSTITUTIONAL_Ω","V8_INSTITUTIONAL_Ω|LEGACY_V8","V8","—","ACTIF","TRUE","14013","372","302","27","14","","b7ddafc36500ca6d83d547c824c3f56e50cd35f2b788c771e73a44cfb63ba7b2"
"engine_thermique_microclimat_omega.py","v8_institutional/engine_thermique_microclimat_omega.py","V8_INSTITUTIONAL_Ω","V8_INSTITUTIONAL_Ω|LEGACY_V8","V8","—","ACTIF","TRUE","1570","33","24","2","3","","89b85680328ec47eb31b4bfc69a65448c40b66a6e5ae3260b3f07edf77fbc1c1"
"engine_trophic_behavior_omega.py","v8_institutional/engine_trophic_behavior_omega.py","V8_INSTITUTIONAL_Ω","V8_INSTITUTIONAL_Ω|LEGACY_V8","V8","—","ACTIF","TRUE","2555","60","53","0","2","","3706eb04705385fcc7f919b275a54adcd4f4f16b54af6ead428c069ce37407cb"
"engine_vent.py","v8_institutional/engine_vent.py","V8_INSTITUTIONAL_Ω","V8_INSTITUTIONAL_Ω|LEGACY_V8","V8","—","ACTIF","TRUE","5181","108","91","6","1","","6802864d1f82c1dd4a1c2bd35c4455bb84a9414885334f1ba090cc0a6460ee4a"
"engine_visibilite.py","v8_institutional/engine_visibilite.py","V8_INSTITUTIONAL_Ω","V8_INSTITUTIONAL_Ω|LEGACY_V8","V8","—","ACTIF","TRUE","791","16","15","0","3","","03b87375a10dac2d7f0731697c9524dc2422d40053b0eca845258adf6abfdcde"
"engine_zones.py","v8_institutional/engine_zones.py","V8_INSTITUTIONAL_Ω","V8_INSTITUTIONAL_Ω|LEGACY_V8","V8","—","ACTIF","TRUE","503","10","9","0","4","","8229ca7c0d16e5f6716944e08105bc2e8d6e791609aef39e4e6bb047433c1784"
"engines_catalog.py","v8_institutional/engines_catalog.py","V8_INSTITUTIONAL_Ω","V8_INSTITUTIONAL_Ω|LEGACY_V8","V8","—","ACTIF","TRUE","1358","35","30","1","4","","5687cf6bb94815ede9b4472aed87fbb9bd7d519c8c24366c22a02f69d2022c68"
"esi_omega.py","v8_institutional/esi_omega.py","V8_INSTITUTIONAL_Ω","V8_INSTITUTIONAL_Ω|LEGACY_V8","V8","—","ACTIF","TRUE","18261","437","330","30","17","","bed38dd357709e350a0a0ef6c37882f19e31744229393da7384360cbdedd6831"
"export_institutionnel_v20_omega.py","v8_institutional/export_institutionnel_v20_omega.py","V8_INSTITUTIONAL_Ω","V8_INSTITUTIONAL_Ω|LEGACY_V8","V8","—","ACTIF","TRUE","6954","178","150","6","22","","7f6442074fb0ed12d247b60dddbfe94303ae2c7238eb6c5b08abd5068454ec66"
"federal_datasets_omega.py","v8_institutional/federal_datasets_omega.py","V8_INSTITUTIONAL_Ω","V8_INSTITUTIONAL_Ω|LEGACY_V8","V8","—","ACTIF","TRUE","6974","174","139","10","4","","a33be806485a4cce5470e2159b46319bb0d0ee48ea79d85571299850af6293d6"
"fusion_territoire_omega.py","v8_institutional/fusion_territoire_omega.py","V8_INSTITUTIONAL_Ω","V8_INSTITUTIONAL_Ω|LEGACY_V8","V8","—","ACTIF","TRUE","20106","447","376","23","24","","3c1c33056028011e1ac5d1c8ea5708060bf631da78beab4d83669de80ff7390c"
"hotspots_organic_v1.py","v8_institutional/hotspots_organic_v1.py","V8_INSTITUTIONAL_Ω","V8_INSTITUTIONAL_Ω|LEGACY_V8","V8","—","ACTIF","TRUE","2152","57","48","0","1","","1b8b0746900893651e17601f84b59706d81e808fdef58774e4a6bdc8c2dc89f0"
"lep_ingestion_omega.py","v8_institutional/lep_ingestion_omega.py","V8_INSTITUTIONAL_Ω","V8_INSTITUTIONAL_Ω|LEGACY_V8","V8","—","ACTIF","TRUE","13152","363","298","28","24","","67549a5350b52264912a53490402ffddb38192b7d15f93c14e4c2894eb387106"
"lidar_irda_v11.py","v8_institutional/lidar_irda_v11.py","V8_INSTITUTIONAL_Ω","V8_INSTITUTIONAL_Ω|LEGACY_V11","V8","—","ACTIF","TRUE","18041","424","325","38","6","","a8d9b85c636530b534e2cbcfddaa31545ec68c0f34ad4a0e4f2fcddb215856b7"
"monitoring_alerte_omega.py","v8_institutional/monitoring_alerte_omega.py","V8_INSTITUTIONAL_Ω","V8_INSTITUTIONAL_Ω|LEGACY_V8","V8","—","ACTIF","TRUE","4424","112","94","3","7","","c8ad5dd19e9d9184019b2689f70844aec3946cef9749c6aa1081899e952e6435"
"origine_externe_filter_omega.py","v8_institutional/origine_externe_filter_omega.py","V8_INSTITUTIONAL_Ω","V8_INSTITUTIONAL_Ω|LEGACY_V8","V8","—","ACTIF","TRUE","13388","294","235","23","7","","33706d4353a5e14978abcd02b709f07e4a082820c1185b0c776ac97a5ecf6937"
"origine_externe_inversion_omega.py","v8_institutional/origine_externe_inversion_omega.py","V8_INSTITUTIONAL_Ω","V8_INSTITUTIONAL_Ω|LEGACY_V8","V8","—","ACTIF","TRUE","9079","196","155","15","10","","2f0ae33a99c312f954c5abcd9c089a267c832630265cc30a21761bff1289eef9"
"phase_omega_secure_lockdown.py","v8_institutional/phase_omega_secure_lockdown.py","V8_INSTITUTIONAL_Ω","V8_INSTITUTIONAL_Ω|LEGACY_V8","V8","—","ACTIF","TRUE","18370","366","295","39","10","","198dd8a9ff5dd97a48e274acd50a1a61941467c27a89cf415392e75d68da81c7"
"piliers_router.py","v8_institutional/piliers_router.py","V8_INSTITUTIONAL_Ω","V8_INSTITUTIONAL_Ω|LEGACY_V8","V8","—","ACTIF","TRUE","15666","328","273","14","33","","c9f6da743d51a3ecbd08ab8f1d0ad673079c52e40dc0bda350c5550c6540ad44"
"predictive_omega_v2.py","v8_institutional/predictive_omega_v2.py","V8_INSTITUTIONAL_Ω","V8_INSTITUTIONAL_Ω|LEGACY_V8","V8","—","ACTIF","TRUE","16715","377","294","31","9","","95d10ddcf2a63cf2c8749475e39d2ad963b0e4619e6292d37e4b9ced49156a47"
"protections_omega.py","v8_institutional/protections_omega.py","V8_INSTITUTIONAL_Ω","V8_INSTITUTIONAL_Ω|LEGACY_V8","V8","—","ACTIF","TRUE","3772","105","93","1","4","","51fc00d06405fcb4a9a6944379865ec100037b692f84170eafd680e56462d5b5"
"redis_omega.py","v8_institutional/redis_omega.py","V8_INSTITUTIONAL_Ω","V8_INSTITUTIONAL_Ω|LEGACY_V8","V8","—","ACTIF","TRUE","4717","144","123","1","6","","f8b2ea439ca40fcc8b9dddc82088afdaf419f351a539143f2cfc399ca4399cc7"
"salines_organic_v1.py","v8_institutional/salines_organic_v1.py","V8_INSTITUTIONAL_Ω","V8_INSTITUTIONAL_Ω|LEGACY_V8","V8","—","ACTIF","TRUE","2182","55","46","0","1","","2956ed8ba048e22ed56527417990266b790e692e77f2c07ccea6a1217b0a4a41"
"science_gaps_datasets.py","v8_institutional/science_gaps_datasets.py","V8_INSTITUTIONAL_Ω","V8_INSTITUTIONAL_Ω|LEGACY_V8","V8","—","ACTIF","TRUE","5475","105","88","4","3","","3df60c3f518cf12239f96a2372760ffe2e3c4eb4cc9eb19ac4ae2170f8eff75a"
"securite_omega_v19.py","v8_institutional/securite_omega_v19.py","V8_INSTITUTIONAL_Ω","V8_INSTITUTIONAL_Ω|LEGACY_V8","V8","—","ACTIF","TRUE","10811","241","185","22","6","","4efb2907b1444fe3c40d44b146d0532592e8debfdb42e1f39b89c07f6ce12e54"
"self_audit_alerts_omega.py","v8_institutional/self_audit_alerts_omega.py","V8_INSTITUTIONAL_Ω","V8_INSTITUTIONAL_Ω|LEGACY_V8","V8","—","ACTIF","TRUE","4968","143","123","3","12","","090df97bbe9011d19239c6ffd3c785a7be84f908f0826e5d40411d61ad6eaaab"
"self_audit_omega.py","v8_institutional/self_audit_omega.py","V8_INSTITUTIONAL_Ω","V8_INSTITUTIONAL_Ω|LEGACY_V8","V8","—","ACTIF","TRUE","14550","292","239","20","14","","449b6d0fe48c53a847eb426bd6fb5734f1f0b84d242fc97556ee6b0741d69dc8"
"sla_baseline_30j_omega.py","v8_institutional/sla_baseline_30j_omega.py","V8_INSTITUTIONAL_Ω","V8_INSTITUTIONAL_Ω|LEGACY_V8","V8","—","ACTIF","TRUE","3700","105","90","1","9","","dcc4621c4400cdb58c7499f41f44368cdcc1bb658db5e71f06f55fadf97dc0af"
"sla_baseline_omega.py","v8_institutional/sla_baseline_omega.py","V8_INSTITUTIONAL_Ω","V8_INSTITUTIONAL_Ω|LEGACY_V8","V8","—","ACTIF","TRUE","16829","404","303","35","16","","c3033785bc40c2a82ce6fa123d077ba60cafa3f4b8dc428015ad7723b11b0106"
"species_modulator_omega.py","v8_institutional/species_modulator_omega.py","V8_INSTITUTIONAL_Ω","V8_INSTITUTIONAL_Ω|LEGACY_V8","V8","—","ACTIF","TRUE","9233","202","161","10","7","","694ec91834184c57333049824f077e1d9572c70185b39ec64dfcb9f593e8881e"
"species_presence_mask_omega.py","v8_institutional/species_presence_mask_omega.py","V8_INSTITUTIONAL_Ω","V8_INSTITUTIONAL_Ω|LEGACY_V8","V8","—","ACTIF","TRUE","15218","315","247","39","8","fallback_detected","9a0b42a9f2ea097cd4d4f25dcfe7a58f9ce062062e628c33a5b0e3146a67c290"
"species_weighting_profiles.py","v8_institutional/species_weighting_profiles.py","V8_INSTITUTIONAL_Ω","V8_INSTITUTIONAL_Ω|LEGACY_V8","V8","—","ACTIF","TRUE","3460","67","55","7","0","","fd291adaccaa3a075641983e78d4e90d66a940b13acf64e4ceccd8452419cc91"
"supra_donnees.py","v8_institutional/supra_donnees.py","V8_INSTITUTIONAL_Ω","V8_INSTITUTIONAL_Ω|LEGACY_SUPRA","V8","—","ACTIF","TRUE","14396","341","257","26","8","","04a81ec1369718b8bd9ca9cbd734bd50bc841b98f095ebb2e4126b4939ed639b"
"supra_v8.py","v8_institutional/supra_v8.py","V8_INSTITUTIONAL_Ω","V8_INSTITUTIONAL_Ω|LEGACY_SUPRA","V8","—","ACTIF","TRUE","7974","211","186","3","19","","519a9b3fc5a4ee4d4f392a857817cd023529035eb1b363d22381425d45b77253"
"terrain_v10_supra.py","v8_institutional/terrain_v10_supra.py","V8_INSTITUTIONAL_Ω","V8_INSTITUTIONAL_Ω|LEGACY_SUPRA","V8","—","ACTIF","TRUE","15619","374","288","31","7","","61e38e5a8f813dad9165adfc86e9e6bcf57dadf2d6e4df9dd164640ca7bfdebf"
"territoire_v10_supra.py","v8_institutional/territoire_v10_supra.py","V8_INSTITUTIONAL_Ω","V8_INSTITUTIONAL_Ω|LEGACY_SUPRA","V8","—","ACTIF","TRUE","66444","1429","1088","163","36","","06601e0040e30e95752c2881c4117273c815ef95a6d174bd629d6a8129346a34"
"v20_mvt_tiles.py","v8_institutional/v20_mvt_tiles.py","V8_INSTITUTIONAL_Ω","V8_INSTITUTIONAL_Ω|LEGACY_V8","V8","—","ACTIF","TRUE","20093","464","419","11","13","","57deb24e20a17fd5bc4e42523f732719f27fa9d04b48345d5089e147ca013568"
"v20_performance_bundle.py","v8_institutional/v20_performance_bundle.py","V8_INSTITUTIONAL_Ω","V8_INSTITUTIONAL_Ω|LEGACY_V8","V8","—","ACTIF","TRUE","21920","502","393","55","29","","5b55efb17b53fa9b51e14bfbefc6952fa9e07652dfb84950ef7772b3667223e5"
"visual_proof_live_omega.py","v8_institutional/visual_proof_live_omega.py","V8_INSTITUTIONAL_Ω","V8_INSTITUTIONAL_Ω|LEGACY_V8","V8","—","ACTIF","TRUE","7182","182","155","2","14","","6ef5047c7efe50995d1a9f65bb814a7042f344dbe6aa8d30df21a72482bc32eb"
"visual_proof_live_playwright.py","v8_institutional/visual_proof_live_playwright.py","V8_INSTITUTIONAL_Ω","V8_INSTITUTIONAL_Ω|LEGACY_V8","V8","—","ACTIF","TRUE","10881","263","219","15","6","","491138c341391a368fad21ada4bd479b329092b0d4b9ce7b34622cf3a5c9f536"
"visual_proof_omega.py","v8_institutional/visual_proof_omega.py","V8_INSTITUTIONAL_Ω","V8_INSTITUTIONAL_Ω|LEGACY_V8","V8","—","ACTIF","TRUE","13671","321","248","25","17","","c14cdcd5a94d0caaeb5d1c74b3b5e40bc5b78e0441135ffbca737fb52aea62c5"
"zones_organic_v1.py","v8_institutional/zones_organic_v1.py","V8_INSTITUTIONAL_Ω","V8_INSTITUTIONAL_Ω|LEGACY_V8","V8","—","ACTIF","TRUE","2201","55","47","0","1","","87077dae87f3c2048aad2e808e4254a86db6b6266f7b9fd70985976ce3f70922"
