"couche","snapshot_sha256_brut","rebuilt_sha256_brut","diff_brut","metier_snapshot_sha256","metier_rebuilt_sha256","metier_equal"
"corridors","f282ea84699117ec9ae2899ea447d6657700d28090a4ffe7b2397b54c5bcd2cc","f282ea84699117ec9ae2899ea447d6657700d28090a4ffe7b2397b54c5bcd2cc","0","f282ea84699117ec9ae2899ea447d6657700d28090a4ffe7b2397b54c5bcd2cc","f282ea84699117ec9ae2899ea447d6657700d28090a4ffe7b2397b54c5bcd2cc","TRUE"
"zones","e94c13304709146b3b23afdf8a8fa6688f271db14f082d98378b7cdb7c121e04","e94c13304709146b3b23afdf8a8fa6688f271db14f082d98378b7cdb7c121e04","0","e94c13304709146b3b23afdf8a8fa6688f271db14f082d98378b7cdb7c121e04","e94c13304709146b3b23afdf8a8fa6688f271db14f082d98378b7cdb7c121e04","TRUE"
"salines","3dd7a4230f077ffc142b7b36ebd81b91187dea9359720dd9ce7c2c1a532cd419","3dd7a4230f077ffc142b7b36ebd81b91187dea9359720dd9ce7c2c1a532cd419","0","3dd7a4230f077ffc142b7b36ebd81b91187dea9359720dd9ce7c2c1a532cd419","3dd7a4230f077ffc142b7b36ebd81b91187dea9359720dd9ce7c2c1a532cd419","TRUE"
"hotspots","e9124120cc38ac66c1aef675a00f4f3cdb56ce25300638e021ecf176b0b6b5f7","e9124120cc38ac66c1aef675a00f4f3cdb56ce25300638e021ecf176b0b6b5f7","0","e9124120cc38ac66c1aef675a00f4f3cdb56ce25300638e021ecf176b0b6b5f7","e9124120cc38ac66c1aef675a00f4f3cdb56ce25300638e021ecf176b0b6b5f7","TRUE"
"contamination","c5c4493cf7de1efecee8a1ec8118fb6fc558e878cb7e8e6fee7580264657c8c0","c5c4493cf7de1efecee8a1ec8118fb6fc558e878cb7e8e6fee7580264657c8c0","0","c5c4493cf7de1efecee8a1ec8118fb6fc558e878cb7e8e6fee7580264657c8c0","c5c4493cf7de1efecee8a1ec8118fb6fc558e878cb7e8e6fee7580264657c8c0","TRUE"
"pression_humaine","25a2bf484822bcc668e775ebc26cd41ebaf47d092a4eccef2141ca254eae48e1","25a2bf484822bcc668e775ebc26cd41ebaf47d092a4eccef2141ca254eae48e1","0","25a2bf484822bcc668e775ebc26cd41ebaf47d092a4eccef2141ca254eae48e1","25a2bf484822bcc668e775ebc26cd41ebaf47d092a4eccef2141ca254eae48e1","TRUE"
"score_ultime","7ca2c105e19870dc366e4367b2f4195f64d1f06e6a644a8c7fe81cf532e0f7d6","7ca2c105e19870dc366e4367b2f4195f64d1f06e6a644a8c7fe81cf532e0f7d6","0","7ca2c105e19870dc366e4367b2f4195f64d1f06e6a644a8c7fe81cf532e0f7d6","7ca2c105e19870dc366e4367b2f4195f64d1f06e6a644a8c7fe81cf532e0f7d6","TRUE"
"ia_omega","f42e49baeaa0634296f81b8b7deb98c1ccccfd2a9b95a7101071743a48f28eaa","f42e49baeaa0634296f81b8b7deb98c1ccccfd2a9b95a7101071743a48f28eaa","0","f42e49baeaa0634296f81b8b7deb98c1ccccfd2a9b95a7101071743a48f28eaa","f42e49baeaa0634296f81b8b7deb98c1ccccfd2a9b95a7101071743a48f28eaa","TRUE"
"scientifique_omega_par_espece","c47c4d673fa55fcc74444a4bf2bfb33175c8d35c41db8a1f567d8c95f539cb2f","c47c4d673fa55fcc74444a4bf2bfb33175c8d35c41db8a1f567d8c95f539cb2f","0","c47c4d673fa55fcc74444a4bf2bfb33175c8d35c41db8a1f567d8c95f539cb2f","c47c4d673fa55fcc74444a4bf2bfb33175c8d35c41db8a1f567d8c95f539cb2f","TRUE"
"sensoriel","2068098b6ec65de99b25cec30327bc6373ccb558b02af0402e2ca56473a82066","2068098b6ec65de99b25cec30327bc6373ccb558b02af0402e2ca56473a82066","0","2068098b6ec65de99b25cec30327bc6373ccb558b02af0402e2ca56473a82066","2068098b6ec65de99b25cec30327bc6373ccb558b02af0402e2ca56473a82066","TRUE"
"meteo_sensoriel","311bc2b9a16ce2257dc51a65811c773cfd4d07107b81bfe3a0a133345287292d","311bc2b9a16ce2257dc51a65811c773cfd4d07107b81bfe3a0a133345287292d","0","311bc2b9a16ce2257dc51a65811c773cfd4d07107b81bfe3a0a133345287292d","311bc2b9a16ce2257dc51a65811c773cfd4d07107b81bfe3a0a133345287292d","TRUE"
