"abs_path","rel_path","reason","action","sha256_before"
"/app/backend/engines/bdre/audit_logger.py","bdre/audit_logger.py","sentinel:fallback_assignment|orphan","SAFE_TO_PURGE","0cf0aeaee2481bfdd7ac9a7e3239804e12f796f5f32abbe06925d32314e1d5c8"
"/app/backend/engines/bdre/quality_scorer.py","bdre/quality_scorer.py","sentinel:fallback_assignment|orphan","SAFE_TO_PURGE","20d8f43df07515160d360addd7d5ee51b678eb716b1d46aae69464984e668d25"
"/app/backend/engines/bdre/router.py","bdre/router.py","sentinel:fallback_assignment|orphan","KEPT_FOR_INTEGRITY","c3daf59360e065abdfaa5bf9d275038a40ec049407982189563f904a5b7b51a3"
"/app/backend/engines/spatial_engine_v7/router.py","spatial_engine_v7/router.py","sentinel:placeholder_keyword|legacy:LEGACY_V7","KEPT_FOR_INTEGRITY","adcd1b22918466eb3f05e0d40618feae49d087c4a010eb28c3c28b8e1f817968"
"/app/backend/engines/v8_institutional/species_presence_mask_omega.py","v8_institutional/species_presence_mask_omega.py","sentinel:fallback_assignment","KEPT_FOR_INTEGRITY","9a0b42a9f2ea097cd4d4f25dcfe7a58f9ce062062e628c33a5b0e3146a67c290"
"/app/backend/engines/supra_engine_v7/__init__.py","supra_engine_v7/__init__.py","legacy:LEGACY_SUPRA","KEPT_FOR_INTEGRITY","f22160ec405072494e0ab0c67c73d85e1eb559fb1c0894d08bbb37384d729a94"
"/app/backend/engines/supra_advanced/__init__.py","supra_advanced/__init__.py","legacy:LEGACY_SUPRA","KEPT_FOR_INTEGRITY","06bbb37510fa098d2261e6a97008a0df59d9f1d45c7bb6bc65359d0d2fcd7558"
"/app/backend/engines/supra_engine_v7/router.py","supra_engine_v7/router.py","legacy:LEGACY_SUPRA","KEPT_FOR_INTEGRITY","853c38ba273a98409bfe84098104a5279ef5d60db72a38818ccea7c65a6f0d52"
"/app/backend/engines/supra_advanced/router.py","supra_advanced/router.py","legacy:LEGACY_SUPRA","KEPT_FOR_INTEGRITY","e59bb9491b2c35b9de146bf86697f4bd0f5a8eca599a4161296abedbb7f3e8df"
"/app/backend/engines/supra_advanced/territory_bridge.py","supra_advanced/territory_bridge.py","legacy:LEGACY_SUPRA","SAFE_TO_PURGE","01638845bee9333b6b6ea10e936d8280822f56408d010c9a331e7811a114c3ed"
"/app/backend/engines/spatial_engine_v7/__init__.py","spatial_engine_v7/__init__.py","legacy:LEGACY_V7","KEPT_FOR_INTEGRITY","5776153084c2e9b097b8255f85c10616c83307a94170eff660965fd4ac37041f"
"/app/backend/engines/v8_national/__init__.py","v8_national/__init__.py","legacy:LEGACY_V8","KEPT_FOR_INTEGRITY","345acca0100309a5da9a6ed92120018346ebdb9da3dbd9132242a2adb18d2e84"
"/app/backend/engines/v8_national/exclusion_engine.py","v8_national/exclusion_engine.py","legacy:LEGACY_V8","KEPT_FOR_INTEGRITY","42cbed5d1c99066b45baa424e1a5819ab7286b57e6c54bb665277571dbd4cfec"
"/app/backend/engines/v8_national/governance.py","v8_national/governance.py","legacy:LEGACY_V8","KEPT_FOR_INTEGRITY","690ff6835b7eea1bbfc90e5f6b11171dc6e77f25f1732f0efd1f7106e19d87b8"
"/app/backend/engines/v8_national/map_bundle.py","v8_national/map_bundle.py","legacy:LEGACY_V8","KEPT_FOR_INTEGRITY","05329cc8c3d2d21945ea4efe146e294d3ee044198e54161f94867dd8455253b7"
"/app/backend/engines/v8_national/p1_pipelines.py","v8_national/p1_pipelines.py","legacy:LEGACY_V8","KEPT_FOR_INTEGRITY","ba2d682e255481db3904731933cad57e464f85e7c0e8a01d6415d4d28f997e80"
"/app/backend/engines/v8_national/phase_a_engines.py","v8_national/phase_a_engines.py","legacy:LEGACY_V8","KEPT_FOR_INTEGRITY","32f454152ef7dea2f1ee55d394bc9d3d9d2b51154f293a43dcb2b00c0146877b"
"/app/backend/engines/v8_national/phase_b_engines.py","v8_national/phase_b_engines.py","legacy:LEGACY_V8","KEPT_FOR_INTEGRITY","ede994e06f35459e0286acbe32c490c10f3deeec9c19086e2e0df7924cca351f"
"/app/backend/engines/v8_national/phase_c_engines.py","v8_national/phase_c_engines.py","legacy:LEGACY_V8","KEPT_FOR_INTEGRITY","51746ac46e3b629a7cd1b631ddd90ab14ab4a0c447e333e41c80112898289faa"
"/app/backend/engines/v8_national/referentials.py","v8_national/referentials.py","legacy:LEGACY_V8","SAFE_TO_PURGE","0c610c3466b853a6a7a66643821ba6ca454ac0affc9af4302da45a83de6daa06"
"/app/backend/engines/v8_national/router.py","v8_national/router.py","legacy:LEGACY_V8","KEPT_FOR_INTEGRITY","f18a2e5b35a832da9d9bb1345f43222412ab4b5fe02d8037ff507648765b66ed"
"/app/backend/engines/wildlife_behavior_omega/__init__.py","wildlife_behavior_omega/__init__.py","orphan","KEPT_FOR_INTEGRITY","8424303e2ced6375a4bb2736f4a354073036daa50c682916f1e42508fda8faed"
"/app/backend/engines/terrain_3d_omega/__init__.py","terrain_3d_omega/__init__.py","orphan","KEPT_FOR_INTEGRITY","5f25b11a7171ecb8cb5db419ba86a8d0a485d8656838f3d38236c027b77eeab1"
"/app/backend/engines/bdre/__init__.py","bdre/__init__.py","orphan","KEPT_FOR_INTEGRITY","b2412b738ac1b8efba611e160b7d02c6503742d01a1ace1645e7b9d415f6d02d"
"/app/backend/engines/hunt_orchestrator/__init__.py","hunt_orchestrator/__init__.py","orphan","KEPT_FOR_INTEGRITY","3374506dd2048070428ac80058ec70810aa3ee33a49842c9afc5c9f0c4df6a5a"
"/app/backend/engines/ecoforestry_omega/__init__.py","ecoforestry_omega/__init__.py","orphan","KEPT_FOR_INTEGRITY","4f3ab419d74e3f11ec9ecae9d6fbc6ad4545157a6b2b0d081f3937f1a0b911f9"
"/app/backend/engines/nutrition_intelligence/__init__.py","nutrition_intelligence/__init__.py","orphan","KEPT_FOR_INTEGRITY","27d3d1e9d6942326c5ea9f1af888fd03d0f8e374121aa03fc85d0c7cf2b331c0"
"/app/backend/engines/bio_scoring_omega/__init__.py","bio_scoring_omega/__init__.py","orphan","KEPT_FOR_INTEGRITY","941fa23447776dbfc96b9e9dcc6cb6fea9c0923c3efcc1884fa2c25044915417"
"/app/backend/engines/corridor_unified/__init__.py","corridor_unified/__init__.py","orphan","SAFE_TO_PURGE","0b90008baa28d92cf0befd42e7e7957b4590d2718fc6beea6453232d9d5359e9"
"/app/backend/engines/legal_time_omega/__init__.py","legal_time_omega/__init__.py","orphan","KEPT_FOR_INTEGRITY","5724b7d5ed8e894a29a6fb7caec76d8646b4532374f755382ca7b8af15b12f18"
"/app/backend/engines/hydro_topo_omega/__init__.py","hydro_topo_omega/__init__.py","orphan","KEPT_FOR_INTEGRITY","bdeef00259211b3201802b5ee687f56641b2b100cc9ee6efd45f544d17de3cf6"
"/app/backend/engines/eco_zones_omega/__init__.py","eco_zones_omega/__init__.py","orphan","KEPT_FOR_INTEGRITY","f5e350081f45316358a360aa7c59ceaaf3e5ba2bdb1e4bb87c95d490d80f49bc"
"/app/backend/engines/terrain_nav/__init__.py","terrain_nav/__init__.py","orphan","KEPT_FOR_INTEGRITY","ed8a4f58a9e3a795ba23de3bf7a46d646778bb79efa4bdccd85d22b7574377af"
"/app/backend/engines/reseau_veineux_omega/__init__.py","reseau_veineux_omega/__init__.py","orphan","KEPT_FOR_INTEGRITY","17954cdf7161b634b5b12e8e6c7ad450bf8c6399841c7556e6a352db576c90b0"
"/app/backend/engines/weather_v3/__init__.py","weather_v3/__init__.py","orphan","KEPT_FOR_INTEGRITY","07356eb74fd40746885ba4e65bfa1078c412e0183d0ddad801e40070a2bb827d"
"/app/backend/engines/relocation/__init__.py","relocation/__init__.py","orphan","SAFE_TO_PURGE","70a5257b66fa238aef59001f182349e8bbc5e4e622fa8056ae66e8455193bb3f"
"/app/backend/engines/advanced_geospatial_omega/__init__.py","advanced_geospatial_omega/__init__.py","orphan","KEPT_FOR_INTEGRITY","c9d83e77b014e5dc05cf8eccd9a945a4d2f26a3047ab8d3d819705daea5d43b2"
"/app/backend/engines/predictive_omega/__init__.py","predictive_omega/__init__.py","orphan","KEPT_FOR_INTEGRITY","95c1a1fbf60c81c3f267bedd617cb5cbb3b96326ff0df62c0a5537f74ab204c3"
"/app/backend/engines/post_smoothing/__init__.py","post_smoothing/__init__.py","orphan","KEPT_FOR_INTEGRITY","d8bea42c1665da903f0b0ba3bb945768efa896bf5949be1353c1ef0b46c9c9e2"
"/app/backend/engines/hunt_orchestrator/access_engine.py","hunt_orchestrator/access_engine.py","orphan","SAFE_TO_PURGE","1f6d82167783d9ca11c5a59d86c1da7459ef4d5117a6aeb17044e42814321614"
"/app/backend/engines/bdre/anomaly_detector.py","bdre/anomaly_detector.py","orphan","SAFE_TO_PURGE","396741ae948b2e5ed7ef399cbf0d2c38fd991f6b95b6349c89ff925d29c1b50b"
"/app/backend/engines/post_smoothing/anti_regression_omega.py","post_smoothing/anti_regression_omega.py","orphan","KEPT_FOR_INTEGRITY","c644223b4c90fd36bc58f6be2ee4c78634b035f88aaf548ed0bfff04e8893d7a"
"/app/backend/engines/post_smoothing/baseline_registry_omega.py","post_smoothing/baseline_registry_omega.py","orphan","BLOCKED_FROZEN","6712bc21dd619fef44a7c948c48a0eba74670c77d09cc7799f7794d91d6d2d1e"
"/app/backend/engines/relocation/candidate_generator.py","relocation/candidate_generator.py","orphan","SAFE_TO_PURGE","d49a6f3ae5f9ad544eae5db0093072ab4a607184cacc0909fb9e89cc66ec305f"
"/app/backend/engines/hunt_orchestrator/choix_affuts.py","hunt_orchestrator/choix_affuts.py","orphan","SAFE_TO_PURGE","846af306006ce60a6f8e8827810e2036eb024017d79f1f1248405688a16969bd"
"/app/backend/engines/corridor_unified/corridor_builder.py","corridor_unified/corridor_builder.py","orphan","SAFE_TO_PURGE","f4e4f98d4e5b483cc074f361587e9edd0f28e12c8548057c2eb50a37fba90557"
"/app/backend/engines/corridor_unified/corridor_model.py","corridor_unified/corridor_model.py","orphan","SAFE_TO_PURGE","bd85c47997f3a690a001d9a00fd564c7f237a286641845fee61f8b456e8ba255"
"/app/backend/engines/bdre/corridor_optimizer_v2.py","bdre/corridor_optimizer_v2.py","orphan","KEPT_FOR_INTEGRITY","f8dedd4109df8cc5a10e279980249973b2e9ae9121b82a90b2747ce4037a4f47"
"/app/backend/engines/reseau_veineux_omega/external_inflow.py","reseau_veineux_omega/external_inflow.py","orphan","KEPT_FOR_INTEGRITY","bfd70e6944aae817f9a383989505be3dfc1151f9b16687522d8e840eef07004d"
"/app/backend/engines/bdre/fallback_chain.py","bdre/fallback_chain.py","orphan","SAFE_TO_PURGE","21ef92978293ee38be967b6b1fcb73a3016cace0148b19609e54efb4178a5794"
"/app/backend/engines/bdre/health_monitor.py","bdre/health_monitor.py","orphan","SAFE_TO_PURGE","b0ef40b124744c089c0c58af4dc2b643e8fc6644dc95a225f03d4bd1e0cb70b2"
"/app/backend/engines/bdre/institutional_cache.py","bdre/institutional_cache.py","orphan","KEPT_FOR_INTEGRITY","af61b52c7cec62615885e04b21ea590ccc27b3f4f04eb6cd87217814733bd31f"
"/app/backend/engines/post_smoothing/interzone_omega.py","post_smoothing/interzone_omega.py","orphan","BLOCKED_FROZEN","c612b36046314f6890856c97085154818b809922e2b1bd3623ce371ea119d24a"
"/app/backend/engines/hunt_orchestrator/orchestrator.py","hunt_orchestrator/orchestrator.py","orphan","KEPT_FOR_INTEGRITY","2f78a3f0129eaa56c59a2abbad03ca774e7631e42a3904d84d47eb9502a2b992"
"/app/backend/engines/post_smoothing/organic_corridor_smoother.py","post_smoothing/organic_corridor_smoother.py","orphan","KEPT_FOR_INTEGRITY","7cf53689fb7f42b77ab134d3bed87ad7ed1da9572283a87e07e38b889a127619"
"/app/backend/engines/post_smoothing/p1_preparation.py","post_smoothing/p1_preparation.py","orphan","KEPT_FOR_INTEGRITY","0144ca6155b784cb326a72bcbc162a69647e369db6ddd3fd3ca70815c181922c"
"/app/backend/engines/post_smoothing/predictive_integration.py","post_smoothing/predictive_integration.py","orphan","KEPT_FOR_INTEGRITY","47dfb202ea545ea46ef36d1862b62b77a70b1f20ae7cabfb59f3805553e17ad5"
"/app/backend/engines/relocation/relocation_engine.py","relocation/relocation_engine.py","orphan","SAFE_TO_PURGE","fb04a55c18191a895710cf751169395c7bdba370ff9882d241c76804b9f18fdc"
"/app/backend/engines/post_smoothing/renduomega.py","post_smoothing/renduomega.py","orphan","KEPT_FOR_INTEGRITY","1c14ec3edf789e46d9549fc9e18eeb7e1306ce527c61bc052f334aef9aa79b3c"
"/app/backend/engines/wildlife_behavior_omega/router.py","wildlife_behavior_omega/router.py","orphan","KEPT_FOR_INTEGRITY","bf35ea0b0e59ca28ae777b8c1188c3651db415349d548b6c040a26a60b442dab"
"/app/backend/engines/terrain_3d_omega/router.py","terrain_3d_omega/router.py","orphan","KEPT_FOR_INTEGRITY","1e25c08a5fb6c5af273e16deb075180fce86c8731edfff215a792530cf459c43"
"/app/backend/engines/hunt_orchestrator/router.py","hunt_orchestrator/router.py","orphan","KEPT_FOR_INTEGRITY","fc3d4bd8f45f5e41b074a58d8c08a745ecc310ccb4e957e6f344f07775d06976"
"/app/backend/engines/ecoforestry_omega/router.py","ecoforestry_omega/router.py","orphan","KEPT_FOR_INTEGRITY","37f26422cd92d62a846f3b12c1b23a128d93874ad8912a022a55b1a5b05708cb"
"/app/backend/engines/nutrition_intelligence/router.py","nutrition_intelligence/router.py","orphan","KEPT_FOR_INTEGRITY","f75762f4e9344fc9ecd6f696bbe616c18c6a317c9e3de09d6c1d5136f57bd6e7"
"/app/backend/engines/bio_scoring_omega/router.py","bio_scoring_omega/router.py","orphan","KEPT_FOR_INTEGRITY","690b9b8d90286b85744442715b88b58b8c02f12baf948692794c06927a20cc2e"
"/app/backend/engines/corridor_unified/router.py","corridor_unified/router.py","orphan","SAFE_TO_PURGE","a91ba0bbfab7c6b57df3edabec0719620d912c667f3ada8f9727652a265eb191"
"/app/backend/engines/legal_time_omega/router.py","legal_time_omega/router.py","orphan","KEPT_FOR_INTEGRITY","3212acc450f2667a82e0a5f013a54f86a95153dfaed93e5da1fc3a16bd216077"
"/app/backend/engines/hydro_topo_omega/router.py","hydro_topo_omega/router.py","orphan","KEPT_FOR_INTEGRITY","64d5f7f4eb8b06194a438a03133863991af633595cad2f5a6be461146cc41a63"
"/app/backend/engines/eco_zones_omega/router.py","eco_zones_omega/router.py","orphan","KEPT_FOR_INTEGRITY","edc97f665dd230c415dd3867b854717e66b89bf465fce93b513b5960fde85d92"
"/app/backend/engines/reseau_veineux_omega/router.py","reseau_veineux_omega/router.py","orphan","KEPT_FOR_INTEGRITY","0e2eb7cbed7eec7a2691c5c786797c1e89017f4c154261dfd51f3324af2fc389"
"/app/backend/engines/weather_v3/router.py","weather_v3/router.py","orphan","KEPT_FOR_INTEGRITY","636db94adbdd9cbd1ef38108a4a7bc276faaa600566ddf5f86475297ab9b4c55"
"/app/backend/engines/relocation/router.py","relocation/router.py","orphan","SAFE_TO_PURGE","3f826f109d86425f631d7a0153f960e48b954a068431fe25eb913d476d3479a3"
"/app/backend/engines/advanced_geospatial_omega/router.py","advanced_geospatial_omega/router.py","orphan","KEPT_FOR_INTEGRITY","1ba26c9c0c7874a4aee88bd85eb38596b9eb2319091f9ebb0769fc6a9494ccd5"
"/app/backend/engines/predictive_omega/router.py","predictive_omega/router.py","orphan","KEPT_FOR_INTEGRITY","09b15150fc1ba4e3297d8c781b0c2c1fee918704083567daa6bfc40a35fab12d"
"/app/backend/engines/bdre/source_registry.py","bdre/source_registry.py","orphan","SAFE_TO_PURGE","8179d2621f63b0897c8669a9898c9f31663a4dbbefe1e3811a85eec4c0ebbf58"
"/app/backend/engines/bdre/source_selector.py","bdre/source_selector.py","orphan","SAFE_TO_PURGE","9b2cc4a065fb9693e12f35b6a95ce7c96fad5ed982bc437ae206dab9c2928af7"
"/app/backend/engines/terrain_nav/terrain_costs.py","terrain_nav/terrain_costs.py","orphan","SAFE_TO_PURGE","992ce471479217badaaff8b007c5b54579e82f7cff2b511bc08527d57a03ad1f"
"/app/backend/engines/terrain_nav/terrain_graph.py","terrain_nav/terrain_graph.py","orphan","KEPT_FOR_INTEGRITY","039f120f296a4661cb2b873d02eaa816a19ae6fb18e0e75d39d24aeace996398"
"/app/backend/engines/terrain_nav/terrain_router.py","terrain_nav/terrain_router.py","orphan","SAFE_TO_PURGE","7b7e1ea91844b06d79450668cfa0bca2fd7b7d322f30ba3dc9af4e4528f016c7"
"/app/backend/engines/post_smoothing/terrain_signals_builder.py","post_smoothing/terrain_signals_builder.py","orphan","KEPT_FOR_INTEGRITY","a110fc3d36e9b053b5687d534fc8e5ab70d8cdf245e442d4287e06ab78726f44"
"/app/backend/engines/terrain_nav/terrain_sources.py","terrain_nav/terrain_sources.py","orphan","KEPT_FOR_INTEGRITY","6f1e4d22bfa19c5f271488dcb7ea8929cdc83eaa658459ac3bcf6028cbd06efe"
"/app/backend/engines/bio_scoring_omega/v30_mirror_read_only.py","bio_scoring_omega/v30_mirror_read_only.py","orphan","SAFE_TO_PURGE","45d7d0ceebad90bf5219278e134ff15c9322531687807c62b21211f59bb826c9"
"/app/backend/engines/post_smoothing/veineux_omega.py","post_smoothing/veineux_omega.py","orphan","BLOCKED_FROZEN","180b65c30dccb7c62e24d382135a4b260b7f9c78cafe2b2a7ca05942e63621ff"
"/app/backend/engines/hunt_orchestrator/vent_odeurs.py","hunt_orchestrator/vent_odeurs.py","orphan","SAFE_TO_PURGE","99c387b05625177ff5b3f7b28f6055a41d6ec011c8404a0a68aa59ba12a878c2"
"/app/backend/engines/bdre/waterway_classifier.py","bdre/waterway_classifier.py","orphan","SAFE_TO_PURGE","e6c7ded32715ca4d2a4c5fdc78dee02646043b34eff0ac3c30ff0bdf3a298f58"
"/app/backend/engines/weather_v3/wind_model_provider.py","weather_v3/wind_model_provider.py","orphan","SAFE_TO_PURGE","2ff795863f7ef9719d913d8c8a6c23b3ac4971e9e8ce2366b7796b7c6442cefb"
"/app/backend/engines/x199_commons.py","x199_commons.py","orphan","KEPT_FOR_INTEGRITY","e916dbc9527b6f19caade5465ebe698725cadb33ee32233c6836f46b0ce75ea8"
"/app/backend/engines/nutrition_intelligence/x5100_mineral_score.py","nutrition_intelligence/x5100_mineral_score.py","orphan","SAFE_TO_PURGE","612120c19bf068b0aa87209a9838a1f598ea832308f17709e7787c908ebe5230"
"/app/backend/engines/nutrition_intelligence/x5200_mineral_recommendation.py","nutrition_intelligence/x5200_mineral_recommendation.py","orphan","SAFE_TO_PURGE","61acbd99f2fff019e7ab0e988799279b0035d2bb7f5626419c5774d59d3353a1"
"/app/backend/engines/nutrition_intelligence/x5300_order_engine.py","nutrition_intelligence/x5300_order_engine.py","orphan","SAFE_TO_PURGE","a3342f2e149abab3d57bf7ed0610cd2f29f91aa2e6b1e9c01fa9f48a66f2ebd1"
"/app/backend/engines/nutrition_intelligence/x5500_energy_protein.py","nutrition_intelligence/x5500_energy_protein.py","orphan","SAFE_TO_PURGE","a1aa53f156bdaf9b278f9f1fb9207a75e39313c669b49cb3f62783e2f99a0376"
"/app/backend/engines/nutrition_intelligence/x5600_site_guide.py","nutrition_intelligence/x5600_site_guide.py","orphan","SAFE_TO_PURGE","85e93f9bcd60568e6c85d3a3902edfe893f64fd03413122e439b2efa349983d9"
"/app/backend/engines/nutrition_intelligence/x5700_cost_engine.py","nutrition_intelligence/x5700_cost_engine.py","orphan","SAFE_TO_PURGE","62e1dc0008af9719037b907f981f129f3a5f2cb0fcf362dcd379cf54b6e6d6bb"
"/app/backend/engines/nutrition_intelligence/x5800_recipe_engine.py","nutrition_intelligence/x5800_recipe_engine.py","orphan","SAFE_TO_PURGE","1d1593ad02541aec6f9c026a2d09970d2253103169b9d6f72886fb721a7553ea"
"/app/backend/engines/nutrition_intelligence/x5900_evidence_engine.py","nutrition_intelligence/x5900_evidence_engine.py","orphan","SAFE_TO_PURGE","7759654fb7669203e02e7001b5760fed8c31959a3b7b87e22ea4d4ddc1b1a409"
"/app/backend/engines/nutrition_intelligence/x6000_product_score.py","nutrition_intelligence/x6000_product_score.py","orphan","SAFE_TO_PURGE","07bfea2885850076d3e95735c66a3ef2dc844f39e27080db091711e061fa440c"
"/app/backend/engines/nutrition_intelligence/x6010_product_quality_analyzer.py","nutrition_intelligence/x6010_product_quality_analyzer.py","orphan","SAFE_TO_PURGE","7ad548cf41c319d9ba496b39710db5522f39902f7edfae9b4c881bca4c8e78fc"
"/app/backend/engines/nutrition_intelligence/x6011_market_availability_engine.py","nutrition_intelligence/x6011_market_availability_engine.py","orphan","SAFE_TO_PURGE","544433ede26ba8a060a03ca74cd947e272cef2515712ccec49b79e5a96473e4b"
"/app/backend/engines/nutrition_intelligence/x6020_terrain_solutions.py","nutrition_intelligence/x6020_terrain_solutions.py","orphan","SAFE_TO_PURGE","966c41a5c0b3cdd94d594a4a96c758d4c150c3f4f8ca54fb3905bec5fecf062d"
"/app/backend/engines/nutrition_intelligence/x6030_product_ecosystem.py","nutrition_intelligence/x6030_product_ecosystem.py","orphan","SAFE_TO_PURGE","3e633d24b3a265be9b04bfbbb985399de47f8e9404825e0577c79a9c0619b924"
"/app/backend/engines/nutrition_intelligence/x7000_supplier_product_engine.py","nutrition_intelligence/x7000_supplier_product_engine.py","orphan","KEPT_FOR_INTEGRITY","515002deb9cfa2b778d08be028019933a2b88443951319a853718f9aaed9bc07"
