"rel_path_quarantine","abs_path_before_purge","size_bytes","sha256_pre_deletion","deleted_at_utc"
"bdre/source_selector.py","/app/backend/engines/bdre/source_selector.py","2399","9b2cc4a065fb9693e12f35b6a95ce7c96fad5ed982bc437ae206dab9c2928af7","2026-04-29T18:18:22+00:00"
"bdre/audit_logger.py","/app/backend/engines/bdre/audit_logger.py","3292","0cf0aeaee2481bfdd7ac9a7e3239804e12f796f5f32abbe06925d32314e1d5c8","2026-04-29T18:18:22+00:00"
"bdre/health_monitor.py","/app/backend/engines/bdre/health_monitor.py","2836","b0ef40b124744c089c0c58af4dc2b643e8fc6644dc95a225f03d4bd1e0cb70b2","2026-04-29T18:18:22+00:00"
"bdre/anomaly_detector.py","/app/backend/engines/bdre/anomaly_detector.py","5367","396741ae948b2e5ed7ef399cbf0d2c38fd991f6b95b6349c89ff925d29c1b50b","2026-04-29T18:18:22+00:00"
"bdre/source_registry.py","/app/backend/engines/bdre/source_registry.py","8120","8179d2621f63b0897c8669a9898c9f31663a4dbbefe1e3811a85eec4c0ebbf58","2026-04-29T18:18:22+00:00"
"bdre/quality_scorer.py","/app/backend/engines/bdre/quality_scorer.py","7294","20d8f43df07515160d360addd7d5ee51b678eb716b1d46aae69464984e668d25","2026-04-29T18:18:22+00:00"
"bdre/fallback_chain.py","/app/backend/engines/bdre/fallback_chain.py","22722","21ef92978293ee38be967b6b1fcb73a3016cace0148b19609e54efb4178a5794","2026-04-29T18:18:22+00:00"
"bdre/waterway_classifier.py","/app/backend/engines/bdre/waterway_classifier.py","4520","e6c7ded32715ca4d2a4c5fdc78dee02646043b34eff0ac3c30ff0bdf3a298f58","2026-04-29T18:18:22+00:00"
"hunt_orchestrator/access_engine.py","/app/backend/engines/hunt_orchestrator/access_engine.py","35599","1f6d82167783d9ca11c5a59d86c1da7459ef4d5117a6aeb17044e42814321614","2026-04-29T18:18:22+00:00"
"hunt_orchestrator/vent_odeurs.py","/app/backend/engines/hunt_orchestrator/vent_odeurs.py","11395","99c387b05625177ff5b3f7b28f6055a41d6ec011c8404a0a68aa59ba12a878c2","2026-04-29T18:18:22+00:00"
"hunt_orchestrator/choix_affuts.py","/app/backend/engines/hunt_orchestrator/choix_affuts.py","16874","846af306006ce60a6f8e8827810e2036eb024017d79f1f1248405688a16969bd","2026-04-29T18:18:22+00:00"
"v8_national/referentials.py","/app/backend/engines/v8_national/referentials.py","13401","0c610c3466b853a6a7a66643821ba6ca454ac0affc9af4302da45a83de6daa06","2026-04-29T18:18:22+00:00"
"nutrition_intelligence/x5300_order_engine.py","/app/backend/engines/nutrition_intelligence/x5300_order_engine.py","2175","a3342f2e149abab3d57bf7ed0610cd2f29f91aa2e6b1e9c01fa9f48a66f2ebd1","2026-04-29T18:18:22+00:00"
"nutrition_intelligence/x5500_energy_protein.py","/app/backend/engines/nutrition_intelligence/x5500_energy_protein.py","15685","a1aa53f156bdaf9b278f9f1fb9207a75e39313c669b49cb3f62783e2f99a0376","2026-04-29T18:18:22+00:00"
"nutrition_intelligence/x6011_market_availability_engine.py","/app/backend/engines/nutrition_intelligence/x6011_market_availability_engine.py","12560","544433ede26ba8a060a03ca74cd947e272cef2515712ccec49b79e5a96473e4b","2026-04-29T18:18:22+00:00"
"nutrition_intelligence/x5800_recipe_engine.py","/app/backend/engines/nutrition_intelligence/x5800_recipe_engine.py","3496","1d1593ad02541aec6f9c026a2d09970d2253103169b9d6f72886fb721a7553ea","2026-04-29T18:18:22+00:00"
"nutrition_intelligence/x5600_site_guide.py","/app/backend/engines/nutrition_intelligence/x5600_site_guide.py","9037","85e93f9bcd60568e6c85d3a3902edfe893f64fd03413122e439b2efa349983d9","2026-04-29T18:18:22+00:00"
"nutrition_intelligence/x5100_mineral_score.py","/app/backend/engines/nutrition_intelligence/x5100_mineral_score.py","5904","612120c19bf068b0aa87209a9838a1f598ea832308f17709e7787c908ebe5230","2026-04-29T18:18:22+00:00"
"nutrition_intelligence/x6010_product_quality_analyzer.py","/app/backend/engines/nutrition_intelligence/x6010_product_quality_analyzer.py","7727","7ad548cf41c319d9ba496b39710db5522f39902f7edfae9b4c881bca4c8e78fc","2026-04-29T18:18:22+00:00"
"nutrition_intelligence/x5900_evidence_engine.py","/app/backend/engines/nutrition_intelligence/x5900_evidence_engine.py","10974","7759654fb7669203e02e7001b5760fed8c31959a3b7b87e22ea4d4ddc1b1a409","2026-04-29T18:18:22+00:00"
"nutrition_intelligence/x5700_cost_engine.py","/app/backend/engines/nutrition_intelligence/x5700_cost_engine.py","3287","62e1dc0008af9719037b907f981f129f3a5f2cb0fcf362dcd379cf54b6e6d6bb","2026-04-29T18:18:22+00:00"
"nutrition_intelligence/x6030_product_ecosystem.py","/app/backend/engines/nutrition_intelligence/x6030_product_ecosystem.py","12177","3e633d24b3a265be9b04bfbbb985399de47f8e9404825e0577c79a9c0619b924","2026-04-29T18:18:22+00:00"
"nutrition_intelligence/x5200_mineral_recommendation.py","/app/backend/engines/nutrition_intelligence/x5200_mineral_recommendation.py","4286","61acbd99f2fff019e7ab0e988799279b0035d2bb7f5626419c5774d59d3353a1","2026-04-29T18:18:22+00:00"
"nutrition_intelligence/x6020_terrain_solutions.py","/app/backend/engines/nutrition_intelligence/x6020_terrain_solutions.py","14668","966c41a5c0b3cdd94d594a4a96c758d4c150c3f4f8ca54fb3905bec5fecf062d","2026-04-29T18:18:22+00:00"
"nutrition_intelligence/x6000_product_score.py","/app/backend/engines/nutrition_intelligence/x6000_product_score.py","11015","07bfea2885850076d3e95735c66a3ef2dc844f39e27080db091711e061fa440c","2026-04-29T18:18:22+00:00"
"bio_scoring_omega/v30_mirror_read_only.py","/app/backend/engines/bio_scoring_omega/v30_mirror_read_only.py","5222","45d7d0ceebad90bf5219278e134ff15c9322531687807c62b21211f59bb826c9","2026-04-29T18:18:22+00:00"
"corridor_unified/corridor_builder.py","/app/backend/engines/corridor_unified/corridor_builder.py","9557","f4e4f98d4e5b483cc074f361587e9edd0f28e12c8548057c2eb50a37fba90557","2026-04-29T18:18:22+00:00"
"corridor_unified/router.py","/app/backend/engines/corridor_unified/router.py","7024","a91ba0bbfab7c6b57df3edabec0719620d912c667f3ada8f9727652a265eb191","2026-04-29T18:18:22+00:00"
"corridor_unified/corridor_model.py","/app/backend/engines/corridor_unified/corridor_model.py","9254","bd85c47997f3a690a001d9a00fd564c7f237a286641845fee61f8b456e8ba255","2026-04-29T18:18:22+00:00"
"corridor_unified/__init__.py","/app/backend/engines/corridor_unified/__init__.py","111","0b90008baa28d92cf0befd42e7e7957b4590d2718fc6beea6453232d9d5359e9","2026-04-29T18:18:22+00:00"
"terrain_nav/terrain_router.py","/app/backend/engines/terrain_nav/terrain_router.py","20568","7b7e1ea91844b06d79450668cfa0bca2fd7b7d322f30ba3dc9af4e4528f016c7","2026-04-29T18:18:22+00:00"
"terrain_nav/terrain_costs.py","/app/backend/engines/terrain_nav/terrain_costs.py","11719","992ce471479217badaaff8b007c5b54579e82f7cff2b511bc08527d57a03ad1f","2026-04-29T18:18:22+00:00"
"weather_v3/wind_model_provider.py","/app/backend/engines/weather_v3/wind_model_provider.py","6889","2ff795863f7ef9719d913d8c8a6c23b3ac4971e9e8ce2366b7796b7c6442cefb","2026-04-29T18:18:22+00:00"
"relocation/candidate_generator.py","/app/backend/engines/relocation/candidate_generator.py","5885","d49a6f3ae5f9ad544eae5db0093072ab4a607184cacc0909fb9e89cc66ec305f","2026-04-29T18:18:22+00:00"
"relocation/router.py","/app/backend/engines/relocation/router.py","4688","3f826f109d86425f631d7a0153f960e48b954a068431fe25eb913d476d3479a3","2026-04-29T18:18:22+00:00"
"relocation/relocation_engine.py","/app/backend/engines/relocation/relocation_engine.py","10885","fb04a55c18191a895710cf751169395c7bdba370ff9882d241c76804b9f18fdc","2026-04-29T18:18:22+00:00"
"relocation/__init__.py","/app/backend/engines/relocation/__init__.py","121","70a5257b66fa238aef59001f182349e8bbc5e4e622fa8056ae66e8455193bb3f","2026-04-29T18:18:22+00:00"
"supra_advanced/territory_bridge.py","/app/backend/engines/supra_advanced/territory_bridge.py","5471","01638845bee9333b6b6ea10e936d8280822f56408d010c9a331e7811a114c3ed","2026-04-29T18:18:22+00:00"
