"engine_name","version","family","pillar","phase","status","is_used","path_rel","module","sha256","size_bytes","summary","imports_local","external_apis","layers_emitted","risks"
"router","MFFP_2026_ZONE_2_BSL_X200_P2_SYNC_Ω","Ω","GOUVERNANCE","Ω-X","ACTIF_Ω","True","engines/legal_time_omega/router.py","engines.legal_time_omega.router","3212acc450f2667a82e0a5f013a54f86a95153dfaed93e5da1fc3a16bd216077","8210","ENGINE_LEGAL_TIME_Ω — Router FastAPI — X199 ACTIVÉ","engines.x199_commons","POST /|GET /status","","—"
"anti_regression_omega","—","Ω","GOUVERNANCE","Ω","ACTIF_Ω","True","engines/post_smoothing/anti_regression_omega.py","engines.post_smoothing.anti_regression_omega","c644223b4c90fd36bc58f6be2ee4c78634b035f88aaf548ed0bfff04e8893d7a","13837","anti_regression_omega.py — PHASE_X200_P6_ANTI_RÉGRESSION_Ω","","","","—"
"baseline_registry_omega","—","Ω","GOUVERNANCE","Ω","ACTIF_Ω","True","engines/post_smoothing/baseline_registry_omega.py","engines.post_smoothing.baseline_registry_omega","6712bc21dd619fef44a7c948c48a0eba74670c77d09cc7799f7794d91d6d2d1e","4451","baseline_registry_omega.py — PHASE_XII_SUPRA_CORRIDORS_VEINEUX_Ω_ULTIME_ENFORCEMENT_P0","","","","—"
"interzone_omega","—","Ω","GOUVERNANCE","Ω","ACTIF_Ω","True","engines/post_smoothing/interzone_omega.py","engines.post_smoothing.interzone_omega","c612b36046314f6890856c97085154818b809922e2b1bd3623ce371ea119d24a","25719","interzone_omega.py — PHASE_XII_SUPRA_CORRIDORS_VEINEUX_Ω_INTERZONE_GENERATION","","","corridors|zones|salines","—"
"veineux_omega","—","Ω","GOUVERNANCE","Ω","ACTIF_Ω","True","engines/post_smoothing/veineux_omega.py","engines.post_smoothing.veineux_omega","180b65c30dccb7c62e24d382135a4b260b7f9c78cafe2b2a7ca05942e63621ff","21073","veineux_omega.py — PHASE_XII_SUPRA_CORRIDORS_VEINEUX_Ω_ULTIME","engines.v8_institutional.species_modulator_omega","","corridors","—"
"corridors_vitaux_omega","—","V8_INSTITUTIONAL","GOUVERNANCE","Ω","ACTIF_Ω","True","engines/v8_institutional/corridors_vitaux_omega.py","engines.v8_institutional.corridors_vitaux_omega","1c6ca2b9e04f88bc1c2abf7e825ab756741476fa5ee12683d0518b116850fd49","22028","corridors_vitaux_omega.py — PHASE_XVIII_ENGINE_CORRIDORS_VITAUX_Ω","","","corridors|zones|salines|hotspots","—"
"ecological_orchestrator_omega","—","V8_INSTITUTIONAL","GOUVERNANCE","Ω","ACTIF_Ω","True","engines/v8_institutional/ecological_orchestrator_omega.py","engines.v8_institutional.ecological_orchestrator_omega","01f9e940a063b6c58c11b610d13c6a1f499f989a25c733fb964e595002dce14b","20638","ecological_orchestrator_omega.py — PHASE_XVII_SUPRA_ENGINE_CORRIDORS_ECOLOGIQUE_Ω","engines.v8_institutional.species_modulator_omega","","corridors|zones|salines","—"
"engine_affuts","—","V8_INSTITUTIONAL","GOUVERNANCE","Ω","ACTIF_Ω","True","engines/v8_institutional/engine_affuts.py","engines.v8_institutional.engine_affuts","fedc1e8480b48b2b8dbb9330e24dd351d9eb6c228ffba7c4b0456d4cab0c8610","466","ENGINE 03 — AFFUTS","engines.v8_national.phase_b_engines","","","—"
"engine_audio_acoustique","—","V8_INSTITUTIONAL","GOUVERNANCE","Ω","ACTIF_Ω","True","engines/v8_institutional/engine_audio_acoustique.py","engines.v8_institutional.engine_audio_acoustique","f418835be0cea9863cb7da6a72c45b5bddf267b60dd9bbc8249be0a6ccdf0ebf","4222","ENGINE 19 — AUDIO-ACOUSTIQUE (sonar passif)","engines.v8_national.phase_b_engines","","","—"
"engine_bio_signes","—","V8_INSTITUTIONAL","GOUVERNANCE","Ω","ACTIF_Ω","True","engines/v8_institutional/engine_bio_signes.py","engines.v8_institutional.engine_bio_signes","734dd78460281c8194c22ef74b8b9644f9c7c5bbcf857a5707d3463e0b91f1ee","4562","ENGINE 18 — BIO-SIGNES (ADN visuel + chimie visuelle + fraicheur)","engines.v8_national.phase_b_engines","","","—"
"ENGINE-CALIBRATION-DYNAMIQUE-Ω","V1-PHASE-X-2026-04","V8_INSTITUTIONAL","GOUVERNANCE","VIII-X","ACTIF_Ω","True","engines/v8_institutional/engine_calibration_dynamique_omega.py","engines.v8_institutional.engine_calibration_dynamique_omega","e58e46a2b971d286234134a4782a00f44a89988abc52a799ce5148920357b138","4720","ENGINE-CALIBRATION-DYNAMIQUE-Ω — ML ajustement pondérations (Phase X)","engines.v8_institutional.engine_science_omega","GET /calibration-dynamique|GET /observations|POST /observations","zones|hotspots","—"
"ENGINE-CALIBRATION-Ω","V1-SUPRA-2026-04","V8_INSTITUTIONAL","GOUVERNANCE","VIII-X","ACTIF_Ω","True","engines/v8_institutional/engine_calibration_omega.py","engines.v8_institutional.engine_calibration_omega","472f4fedd7880fbdfc052e3cd6764ff49a5be87b5f961ce44c84bb698b12f13d","2259","ENGINE-CALIBRATION-Ω — Calibration non-invasive modeles.","engines.v8_institutional.engine_science_omega","","","—"
"ENGINE-CANADA-Ω","—","V8_INSTITUTIONAL","GOUVERNANCE","Ω","ACTIF_Ω","True","engines/v8_institutional/engine_canada_omega.py","engines.v8_institutional.engine_canada_omega","f8357129a759066ae9944fe5e2994648444001cd7fc7f069e1e667de4783eaee","6004","ENGINE-CANADA-Ω — Souveraineté pancanadienne (Phase X-B)","engines.v8_institutional.federal_datasets_omega|engines.v8_institutional.engine_science_omega","GET /canada|GET /canada/province/{code}","corridors","—"
"engine_carence_nutritionnelle_omega","V1-SUPRA-2026-04","V8_INSTITUTIONAL","GOUVERNANCE","Ω","ACTIF_Ω","True","engines/v8_institutional/engine_carence_nutritionnelle_omega.py","engines.v8_institutional.engine_carence_nutritionnelle_omega","7415096d9cae7aebf571a9b0339243e632f8789559bf3d22949c231bddbdf6aa","2222","ENGINE_CARENCE_NUTRITIONNELLE_Ω — Détection de carences par espèce.","","","","—"
"engine_champs_nourriciers_omega","V1-SUPRA-2026-04","V8_INSTITUTIONAL","GOUVERNANCE","Ω","ACTIF_Ω","True","engines/v8_institutional/engine_champs_nourriciers_omega.py","engines.v8_institutional.engine_champs_nourriciers_omega","59508694ba12e9cea1ff51f757a39d52cc7965265081a1b538dd73b7559fa7c4","2186","ENGINE_CHAMPS_NOURRICIERS_Ω — Détection et scoring des champs nourriciers.","","","","—"
"engine_forage_qualite_omega","V1-SUPRA-2026-04","V8_INSTITUTIONAL","GOUVERNANCE","Ω","ACTIF_Ω","True","engines/v8_institutional/engine_forage_qualite_omega.py","engines.v8_institutional.engine_forage_qualite_omega","0a4cf3fbdaac8a9f37019534909941ef4c0cdea16140d1c9fd19560239e984f8","2326","ENGINE_FORAGE_QUALITÉ_Ω — Qualité nutritionnelle des végétaux disponibles.","","","","—"
"engine_frequentation","—","V8_INSTITUTIONAL","GOUVERNANCE","Ω","ACTIF_Ω","True","engines/v8_institutional/engine_frequentation.py","engines.v8_institutional.engine_frequentation","9b6540714ea346c3e0c8ee73e419b742e4bb47c562306d69275188ea33bf1468","841","ENGINE 11 — FREQUENTATION (FAUNE + HUMAIN)","engines.v8_national.phase_b_engines","","","—"
"ENGINE-GOUVERNANCE-Ω","V1-SUPRA-2026-04","V8_INSTITUTIONAL","GOUVERNANCE","Ω","ACTIF_Ω","True","engines/v8_institutional/engine_gouvernance_omega.py","engines.v8_institutional.engine_gouvernance_omega","d96ca368e55a7106af31150799ddec30ec4b1525120fbf966bf7e21a83391058","3196","ENGINE-GOUVERNANCE-Ω — Fusion MONITORING + ALERTE + SCIENCE + REGISTRY.","engines.v8_institutional.sla_baseline_omega|engines.v8_institutional.engine_science_omega|engines.v8_institutional.monitoring_alerte_omega|engines.v8_institutional.self_audit_omega","GET /gouvernance","","—"
"engine_heatmap","—","V8_INSTITUTIONAL","GOUVERNANCE","Ω","ACTIF_Ω","True","engines/v8_institutional/engine_heatmap.py","engines.v8_institutional.engine_heatmap","2dd0625a56ebcd0378747b651a47865ac42ef8811f0fbfb62defced82b85742f","846","ENGINE 06 — HEATMAP","engines.v8_national.phase_b_engines","","","—"
"engine_hotspots","—","V8_INSTITUTIONAL","GOUVERNANCE","Ω","ACTIF_Ω","True","engines/v8_institutional/engine_hotspots.py","engines.v8_institutional.engine_hotspots","8a268fa092a0499ca517e66747084c49aabeab729029d1e210e6826d844a29c0","1099","ENGINE 04 — HOTSPOTS","engines.v8_national.phase_b_engines","","","—"
"ENGINE-INCERTITUDE-Ω","V1-SUPRA-2026-04","V8_INSTITUTIONAL","GOUVERNANCE","Ω","ACTIF_Ω","True","engines/v8_institutional/engine_incertitude_omega.py","engines.v8_institutional.engine_incertitude_omega","e0210bc0a5f9289a781677fda377c1b0b16c5c31c293ab5e42ace6b184dec8fb","2866","ENGINE-INCERTITUDE-Ω — Quantification incertitude par couche/engine/espece.","engines.v8_institutional.engine_science_omega","","","—"
"engine_intelligence","—","V8_INSTITUTIONAL","GOUVERNANCE","Ω","ACTIF_Ω","True","engines/v8_institutional/engine_intelligence.py","engines.v8_institutional.engine_intelligence","7bfce8b9f82359beeb65494d5fd3638d20a3ac87042df1225c1daea75abbf627","1685","ENGINE 23 — INTELLIGENCE","engines.v8_national.phase_a_engines","","","—"
"ENGINE-NUTRITION-V12-SUPRA","V12-SUPRA-2026-04","V8_INSTITUTIONAL","GOUVERNANCE","Ω","ACTIF_Ω","True","engines/v8_institutional/engine_nutrition_v12_supra.py","engines.v8_institutional.engine_nutrition_v12_supra","36fae4fa3e9586257f29e2d33537131ab192516dae7b46b61f5312a5d85d0e81","27813","ENGINE-NUTRITION-V12-SUPRA — Moteur biologique central","engines.v8_institutional.engine_science_omega","","","—"
"engine_nutritional_attractiveness_omega","V1-SUPRA-2026-04","V8_INSTITUTIONAL","GOUVERNANCE","Ω","ACTIF_Ω","True","engines/v8_institutional/engine_nutritional_attractiveness_omega.py","engines.v8_institutional.engine_nutritional_attractiveness_omega","fd7a973154937448549e5b7403592af6c9b0befd689eaf787ca75806cdc05e56","2432","ENGINE_NUTRITIONAL_ATTRACTIVENESS_Ω — Synthèse attractivité nutritionnelle du territoire.","","","fusion","—"
"engine_prediction","—","V8_INSTITUTIONAL","GOUVERNANCE","Ω","ACTIF_Ω","True","engines/v8_institutional/engine_prediction.py","engines.v8_institutional.engine_prediction","7bc14ab5afd386ed853859a8e07b9bc70296b293d4ee848d8338ba02a4ec7593","3494","ENGINE 21 — PREDICTION 48H","engines.v8_national.phase_b_engines|engines.v8_national.phase_c_engines","","","—"
"engine_psychologie","—","V8_INSTITUTIONAL","GOUVERNANCE","Ω","ACTIF_Ω","True","engines/v8_institutional/engine_psychologie.py","engines.v8_institutional.engine_psychologie","74d0d92a1c34b6501f91e32ceba5f2d2a3e6de7a72e5a45a93f215f44f934e4f","4262","ENGINE 20 — PSYCHOLOGIE ANIMALE","engines.v8_national.phase_b_engines","","","—"
"ENGINE-QUALIT","V1-SUPRA-2026-04","V8_INSTITUTIONAL","GOUVERNANCE","Ω","ACTIF_Ω","True","engines/v8_institutional/engine_qualite_donnees_omega.py","engines.v8_institutional.engine_qualite_donnees_omega","8de74c2a82f4b868f8eae481c406c77b61c02aef1d878261ecda0fb63517a0cb","2916","ENGINE-QUALITÉ-DONNÉES-Ω — Audit complétude/cohérence/fraicheur.","engines.v8_institutional.engine_science_omega","","","—"
"engine_recettes_salines_omega","V1-SUPRA-2026-04","V8_INSTITUTIONAL","GOUVERNANCE","Ω","ACTIF_Ω","True","engines/v8_institutional/engine_recettes_salines_omega.py","engines.v8_institutional.engine_recettes_salines_omega","b19a0fb23225a1015614ed2caff5e151cba17acb7c18107b5c7dbcca0ddfda11","2112","ENGINE_RECETTES_SALINES_Ω — Formulations de salines adaptées espèce+carence.","","","fusion","—"
"ENGINE-RENDER-Ω","—","V8_INSTITUTIONAL","GOUVERNANCE","P0-XI-SUPRA","ACTIF_Ω","True","engines/v8_institutional/engine_render_omega.py","engines.v8_institutional.engine_render_omega","67d7b15a0d6fbe0927b8f7b9e882a75821b625de7754525c22afb421dc102082","6161","ENGINE-RENDER-Ω — Moteur central de rendu TERRITOIRE (Phase XI-SUPRA)","engines.v8_institutional.engine_science_omega","POST /render-validate|GET /render-config","corridors|zones|affuts|salines|hotspots","—"
"engine_risque","—","V8_INSTITUTIONAL","GOUVERNANCE","Ω","ACTIF_Ω","True","engines/v8_institutional/engine_risque.py","engines.v8_institutional.engine_risque","135e6312bd018256fe65d3a44a0662967318bf44ad1790c608a8f2ac9543a769","822","ENGINE 10 — RISQUE","engines.v8_national.phase_b_engines","","","—"
"engine_saisonnalite","—","V8_INSTITUTIONAL","GOUVERNANCE","Ω","ACTIF_Ω","True","engines/v8_institutional/engine_saisonnalite.py","engines.v8_institutional.engine_saisonnalite","07246c83824ef9007fd960304227e5ebb1e13a4f490f2e69a376072e59ebafd3","1180","ENGINE 12 — SAISONNALITE","","","","—"
"engine_salines","—","V8_INSTITUTIONAL","GOUVERNANCE","Ω","ACTIF_Ω","True","engines/v8_institutional/engine_salines.py","engines.v8_institutional.engine_salines","d35f94286f246922c4019db149b7712c1bbe4a826fc8e54513e52cca2385430f","1316","ENGINE 07 — SALINES","engines.v8_national.phase_b_engines|engines.v8_national.phase_a_engines","","","—"
"engine_salines_v11_supra","—","V8_INSTITUTIONAL","GOUVERNANCE","Ω","ACTIF_Ω","True","engines/v8_institutional/engine_salines_v11_supra.py","engines.v8_institutional.engine_salines_v11_supra","220ff36a3d7b67b6863595fbfb7ef71e9ce3939200f084b33d7e975e12c6ff32","16176","ENGINE SALINES-V11-SUPRA — ACTIVATION TOTALE","","","","—"
"engine_sante_physio_omega","V1-SUPRA-2026-04","V8_INSTITUTIONAL","GOUVERNANCE","Ω","ACTIF_Ω","True","engines/v8_institutional/engine_sante_physio_omega.py","engines.v8_institutional.engine_sante_physio_omega","b3159282414bdd142cb724f786111a07afd2ddba80668877eea76b2d0aa80ebb","1834","ENGINE_SANTÉ_PHYSIO_Ω — Indicateur de santé physiologique estimée.","","","","—"
"ENGINE-SCIENCE-Ω","V2-SUPRA-2026-04","V8_INSTITUTIONAL","GOUVERNANCE","Ω","ACTIF_Ω","True","engines/v8_institutional/engine_science_omega.py","engines.v8_institutional.engine_science_omega","57c4f676eb78e8d8d6f7d60a3bef6b1a2c088d684e675dfc620f2f3790793ee5","5272","ENGINE-SCIENCE-Ω — Registry institutionnel + catalog scientifique","engines.v8_institutional.engine_science_omega","","","—"
"engine_score_global","—","V8_INSTITUTIONAL","GOUVERNANCE","Ω","ACTIF_Ω","True","engines/v8_institutional/engine_score_global.py","engines.v8_institutional.engine_score_global","92c1bdec76f4888d253e33382c50650510ac260bfaa5e32f35848324e4658744","8326","ENGINE 24 — SCORE GLOBAL — MODE REALITE (Phase IX)","engines.v8_institutional.engine_calibration_dynamique_omega|engines.v8_institutional.species_weighting_profiles|engines.v8_national.phase_c_engines","","zones|hotspots|contamination|sensoriel","—"
"engine_social_structure_omega","V1-SUPRA-2026-04","V8_INSTITUTIONAL","GOUVERNANCE","Ω","ACTIF_Ω","True","engines/v8_institutional/engine_social_structure_omega.py","engines.v8_institutional.engine_social_structure_omega","8e7a125d6a6a470eb4f0a39e109978ad816496a0b621ad59ee0e12382e07f428","1755","ENGINE_SOCIAL_STRUCTURE_Ω — Structure sociale (grégaire, solitaire, groupe).","","","","—"
"engine_sol_nutriments_omega","V1-SUPRA-2026-04","V8_INSTITUTIONAL","GOUVERNANCE","Ω","ACTIF_Ω","True","engines/v8_institutional/engine_sol_nutriments_omega.py","engines.v8_institutional.engine_sol_nutriments_omega","c36790ed80d054b18e075b73bdd86df8ce9322e4c886dac6db341f66edcfafb6","2472","ENGINE_SOL_NUTRIMENTS_Ω — Nutriments minéraux et organiques du sol.","","","","—"
"engine_terrain_cost","—","V8_INSTITUTIONAL","GOUVERNANCE","Ω","ACTIF_Ω","True","engines/v8_institutional/engine_terrain_cost.py","engines.v8_institutional.engine_terrain_cost","1cfe791ed033f7f60e16593b1744ad823a962d73bfea8fa41ab7a369b1fe52d4","585","ENGINE 15 — TERRAIN-COST","engines.v8_national.phase_b_engines","","","—"
"engine_trophic_behavior_omega","V1-SUPRA-2026-04","V8_INSTITUTIONAL","GOUVERNANCE","Ω","ACTIF_Ω","True","engines/v8_institutional/engine_trophic_behavior_omega.py","engines.v8_institutional.engine_trophic_behavior_omega","3706eb04705385fcc7f919b275a54adcd4f4f16b54af6ead428c069ce37407cb","2555","ENGINE_TROPHIC_BEHAVIOR_Ω — Comportement trophique par espèce et contexte.","","","","—"
"engine_vent","—","V8_INSTITUTIONAL","GOUVERNANCE","Ω","ACTIF_Ω","True","engines/v8_institutional/engine_vent.py","engines.v8_institutional.engine_vent","6802864d1f82c1dd4a1c2bd35c4455bb84a9414885334f1ba090cc0a6460ee4a","5181","ENGINE 05 — VENT","","","","—"
"engine_visibilite","—","V8_INSTITUTIONAL","GOUVERNANCE","Ω","ACTIF_Ω","True","engines/v8_institutional/engine_visibilite.py","engines.v8_institutional.engine_visibilite","03b87375a10dac2d7f0731697c9524dc2422d40053b0eca845258adf6abfdcde","791","ENGINE 16 — VISIBILITE","engines.v8_national.phase_b_engines","","","—"
"engine_zones","—","V8_INSTITUTIONAL","GOUVERNANCE","Ω","ACTIF_Ω","True","engines/v8_institutional/engine_zones.py","engines.v8_institutional.engine_zones","8229ca7c0d16e5f6716944e08105bc2e8d6e791609aef39e4e6bb047433c1784","503","ENGINE 01 — ZONES","engines.v8_national.phase_b_engines","","","—"
"esi_omega","—","V8_INSTITUTIONAL","GOUVERNANCE","Ω","ACTIF_Ω","True","engines/v8_institutional/esi_omega.py","engines.v8_institutional.esi_omega","bed38dd357709e350a0a0ef6c37882f19e31744229393da7384360cbdedd6831","18261","ENGINE SECURITE-INSTITUTIONNELLE-Omega (ESI-Omega)","engines.v8_national.phase_b_engines|engines.v8_national.map_bundle|engines.v8_institutional.engine_score_global","GET /laws|GET /conformite/full|GET /status|GET /validate/terrain|GET /validate/bundle|GET /audit","corridors|zones|affuts|salines|hotspots","—"
"export_institutionnel_v20_omega","—","V8_INSTITUTIONAL","GOUVERNANCE","P0-XI-SUPRA","ACTIF_Ω","True","engines/v8_institutional/export_institutionnel_v20_omega.py","engines.v8_institutional.export_institutionnel_v20_omega","7f6442074fb0ed12d247b60dddbfe94303ae2c7238eb6c5b08abd5068454ec66","6954","EXPORT-INSTITUTIONNEL-V20-Ω — PDF signé (Phase X-D)","engines.v8_institutional.engine_science_omega|engines.v8_institutional.registry_lock_omega","GET /export/institutionnel/v20","","—"
"federal_datasets_omega","—","V8_INSTITUTIONAL","GOUVERNANCE","Ω","ACTIF_Ω","True","engines/v8_institutional/federal_datasets_omega.py","engines.v8_institutional.federal_datasets_omega","a33be806485a4cce5470e2159b46319bb0d0ee48ea79d85571299850af6293d6","6974","FEDERAL-DATASETS-Ω — LEP + HYDAT (Phase X-C)","engines.v8_institutional.engine_science_omega","GET /federal/hydat/province/{code}|GET /federal/lep|GET /federal/hydat|GET /federal/lep/province/{code}","","—"
"fusion_territoire_omega","PHASE-E_DOCTRINE_PERMANENTE_50PCT_2026-04-28","V8_INSTITUTIONAL","GOUVERNANCE","Ω","ACTIF_Ω","True","engines/v8_institutional/fusion_territoire_omega.py","engines.v8_institutional.fusion_territoire_omega","3c1c33056028011e1ac5d1c8ea5708060bf631da78beab4d83669de80ff7390c","20106","fusion_territoire_omega.py — PHASE-E DOCTRINE PERMANENTE 50% + DÉROGATION BIO","engines.v8_institutional.engine_social_structure_omega|engines.v8_institutional.engine_nutritional_attractiveness_omega|engines.v8_institutional.engine_canopee_thermique_omega|engines.v8_institutional.engine_optimisation_habitat_omega|engines.v8_institutional.engine_trophic_behavior_omega|engines.v8_institutional.engine_champs_nourriciers_omega|engines.v8_institutional.engine_recettes_salines_omega|engines.v8_institutional.engine_microclimat_advanced_omega","","contamination|score_ultime","—"
"lep_ingestion_omega","—","V8_INSTITUTIONAL","GOUVERNANCE","Ω","ACTIF_Ω","True","engines/v8_institutional/lep_ingestion_omega.py","engines.v8_institutional.lep_ingestion_omega","67549a5350b52264912a53490402ffddb38192b7d15f93c14e4c2894eb387106","13152","LEP-INGESTION-Ω — BIONIC INGESTION-FGDB+GEOJSON-Ω-V1.0 (Phase XI-SUPRA-D)","engines.v8_institutional.engine_science_omega","POST /ingest|GET /registry|GET /geojson/{layer}|GET /status|GET /geojson-list|POST /ingest-path","","—"
"lidar_irda_v11","—","V8_INSTITUTIONAL","GOUVERNANCE","Ω","ACTIF_Ω","True","engines/v8_institutional/lidar_irda_v11.py","engines.v8_institutional.lidar_irda_v11","a8d9b85c636530b534e2cbcfddaa31545ec68c0f34ad4a0e4f2fcddb215856b7","18041","ENGINE LIDAR-IRDA V11 — INGESTION DONNÉES INSTITUTIONNELLES 1m","","","","—"
"ENGINE-MONITORING-Ω","—","V8_INSTITUTIONAL","GOUVERNANCE","P0-XI-SUPRA","ACTIF_Ω","True","engines/v8_institutional/monitoring_alerte_omega.py","engines.v8_institutional.monitoring_alerte_omega","c8ad5dd19e9d9184019b2689f70844aec3946cef9749c6aa1081899e952e6435","4424","ENGINE-MONITORING-Ω + ENGINE-ALERTE-ANOMALIES-Ω","engines.v8_institutional.sla_baseline_omega|engines.v8_institutional.engine_science_omega|engines.v8_institutional.self_audit_omega","GET /monitoring|GET /alertes","","—"
"origine_externe_filter_omega","—","V8_INSTITUTIONAL","GOUVERNANCE","Ω","ACTIF_Ω","True","engines/v8_institutional/origine_externe_filter_omega.py","engines.v8_institutional.origine_externe_filter_omega","33706d4353a5e14978abcd02b709f07e4a082820c1185b0c776ac97a5ecf6937","13388","origine_externe_filter_omega.py — PHASE_XIX_P1_ORIGINE_EXTERNE_FILTER_Ω","","","corridors","—"
"origine_externe_inversion_omega","—","V8_INSTITUTIONAL","GOUVERNANCE","Ω","ACTIF_Ω","True","engines/v8_institutional/origine_externe_inversion_omega.py","engines.v8_institutional.origine_externe_inversion_omega","2f0ae33a99c312f954c5abcd9c089a267c832630265cc30a21761bff1289eef9","9079","origine_externe_inversion_omega.py — PHASE_XIX_P2_ORIGINE_EXTERNE_INVERSION_Ω","engines.v8_institutional.origine_externe_filter_omega|engines.v8_institutional.predictive_omega_v2","","corridors","—"
"predictive_omega_v2","—","V8_INSTITUTIONAL","GOUVERNANCE","Ω","ACTIF_Ω","True","engines/v8_institutional/predictive_omega_v2.py","engines.v8_institutional.predictive_omega_v2","95d10ddcf2a63cf2c8749475e39d2ad963b0e4619e6292d37e4b9ced49156a47","16715","predictive_omega_v2.py — PHASE_XVIII_ENGINE_PREDICTIVE_OMEGA_GPS_USGS_Ω","","","corridors","—"
"protections_omega","—","V8_INSTITUTIONAL","GOUVERNANCE","Ω","ACTIF_Ω","True","engines/v8_institutional/protections_omega.py","engines.v8_institutional.protections_omega","51fc00d06405fcb4a9a6944379865ec100037b692f84170eafd680e56462d5b5","3772","protections_omega.py — PHASE 2 STABILISATION TERRITOIRE Ω","","","","—"
"redis_omega","—","V8_INSTITUTIONAL","GOUVERNANCE","Ω","ACTIF_Ω","True","engines/v8_institutional/redis_omega.py","engines.v8_institutional.redis_omega","f8b2ea439ca40fcc8b9dddc82088afdaf419f351a539143f2cfc399ca4399cc7","4717","REDIS-Ω — Backend cache partage multi-pod","","","","—"
"ENGINE-SCIENCE-Ω","V30-SUPRA-LOCKED-PHASE-XII-SUPRA-S-ACTIVATION-PRODUCTION-2026-04","V8_INSTITUTIONAL","GOUVERNANCE","VIII-X","ACTIF_Ω","True","engines/v8_institutional/registry_lock_omega.py","engines.v8_institutional.registry_lock_omega","fb765b94cc1fd4216c4afa4c0fb72bc1fd8e18fc26b6955db8157b42a26ecb0c","8703","REGISTRY-LOCK-Ω — Verrouillage institutionnel Phase XI","","GET /document-maitre-lock|GET /registry-lock","","—"
"science_gaps_datasets","—","V8_INSTITUTIONAL","GOUVERNANCE","Ω","ACTIF_Ω","True","engines/v8_institutional/science_gaps_datasets.py","engines.v8_institutional.science_gaps_datasets","3df60c3f518cf12239f96a2372760ffe2e3c4eb4cc9eb19ac4ae2170f8eff75a","5475","SCIENCE-Ω GAPS DATASETS — Seed institutionnels QC (Phase X)","engines.v8_institutional.engine_science_omega","GET /science-gaps","zones","—"
"ENGINE-SHIELD-O","—","V8_INSTITUTIONAL","GOUVERNANCE","Ω","ACTIF_Ω","True","engines/v8_institutional/securite_omega_v19.py","engines.v8_institutional.securite_omega_v19","4efb2907b1444fe3c40d44b146d0532592e8debfdb42e1f39b89c07f6ce12e54","10811","SECURITE-Omega V19 — SHIELDS + GUARDS + VALIDATORS","engines.v6|engines.v7","","corridors|zones|salines|contamination","—"
"self_audit_alerts_omega","—","V8_INSTITUTIONAL","GOUVERNANCE","VIII-X","ACTIF_Ω","True","engines/v8_institutional/self_audit_alerts_omega.py","engines.v8_institutional.self_audit_alerts_omega","090df97bbe9011d19239c6ffd3c785a7be84f908f0826e5d40411d61ad6eaaab","4968","SELF-AUDIT-ALERTS-Ω — Canal WebSocket institutionnel (Phase X-D)","engines.v8_institutional.engine_science_omega","","","—"
"self_audit_omega","—","V8_INSTITUTIONAL","GOUVERNANCE","VIII-X","ACTIF_Ω","True","engines/v8_institutional/self_audit_omega.py","engines.v8_institutional.self_audit_omega","449b6d0fe48c53a847eb426bd6fb5734f1f0b84d242fc97556ee6b0741d69dc8","14550","SELF-AUDIT-Ω — Validation institutionnelle TERRITOIRE-V12","engines.v8_institutional.self_audit_alerts_omega|engines.v8_institutional.sla_baseline_omega","GET /self-audit|GET /self-audit/last","","—"
"sla_baseline_30j_omega","—","V8_INSTITUTIONAL","GOUVERNANCE","P0-XI-SUPRA","ACTIF_Ω","True","engines/v8_institutional/sla_baseline_30j_omega.py","engines.v8_institutional.sla_baseline_30j_omega","dcc4621c4400cdb58c7499f41f44368cdcc1bb658db5e71f06f55fadf97dc0af","3700","SLA-BASELINE-30J-Ω — Série temporelle 30 jours (Phase X-D)","engines.v8_institutional.engine_science_omega","GET /sla-baseline-30j","","—"
"sla_baseline_omega","—","V8_INSTITUTIONAL","GOUVERNANCE","P0-XI-SUPRA","ACTIF_Ω","True","engines/v8_institutional/sla_baseline_omega.py","engines.v8_institutional.sla_baseline_omega","c3033785bc40c2a82ce6fa123d077ba60cafa3f4b8dc428015ad7723b11b0106","16829","SLA-BASELINE-Ω — Baseline institutionnelle + PERF-GUARD-Ω","engines.v8_institutional|engines.v8_institutional.territoire_v10_supra","GET /sla-baseline|POST /sla-baseline/seed|DELETE /sla-baseline","corridors","—"
"ENGINE-SUPRA-DONNEES-O","—","V8_INSTITUTIONAL","GOUVERNANCE","Ω","ACTIF_Ω","True","engines/v8_institutional/supra_donnees.py","engines.v8_institutional.supra_donnees","04a81ec1369718b8bd9ca9cbd734bd50bc841b98f095ebb2e4126b4939ed639b","14396","ENGINE SUPRA-DONNEES-Omega — CENTRAL DATA INTELLIGENCE","engines.v8_national.phase_b_engines","","","—"
"terrain_v10_supra","—","V8_INSTITUTIONAL","GOUVERNANCE","Ω","ACTIF_Ω","True","engines/v8_institutional/terrain_v10_supra.py","engines.v8_institutional.terrain_v10_supra","61e38e5a8f813dad9165adfc86e9e6bcf57dadf2d6e4df9dd164640ca7bfdebf","15619","ENGINE DONNEES-REELLES-TERRAIN V10-SUPRA-INSTITUTIONNEL","engines.v8_institutional.lidar_irda_v11","","","—"
"ENGINE-TERRAIN-V10-SUPRA","—","V8_INSTITUTIONAL","GOUVERNANCE","Ω","ACTIF_Ω","True","engines/v8_institutional/territoire_v10_supra.py","engines.v8_institutional.territoire_v10_supra","06601e0040e30e95752c2881c4117273c815ef95a6d174bd629d6a8129346a34","66444","TERRITOIRE V10-SUPRA — FUSION TOTALE REEL + IA","engines.v8_institutional.engine_contamination_v2_omega|engines.v8_institutional.engine_thermique_microclimat_omega|engines.v8_institutional.engine_salines_v11_supra|engines.v8_institutional.federal_datasets_omega|engines.v8_institutional.engine_vent|engines.v8_institutional.engine_pression_atmospherique_omega|engines.v8_institutional.engine_espece_omega|engines.v8_institutional.engine_qualite_donnees_omega","","corridors|zones|affuts|salines|hotspots|contamination","—"
"v20_performance_bundle","—","V8_INSTITUTIONAL","GOUVERNANCE","Ω","ACTIF_Ω","True","engines/v8_institutional/v20_performance_bundle.py","engines.v8_institutional.v20_performance_bundle","5b55efb17b53fa9b51e14bfbefc6952fa9e07652dfb84950ef7772b3667223e5","21920","V20 PERFORMANCE BUNDLE — V11-SUPRA SCALABILITE 10K","engines.v8_institutional.origine_externe_filter_omega|engines.post_smoothing.renduomega|engines.v8_institutional.esi_omega|engines.post_smoothing.veineux_omega|engines.v8_institutional.territoire_v10_supra|engines.post_smoothing.interzone_omega|engines.v8_institutional.predictive_omega_v2|engines.v8_institutional.redis_omega","POST /bundle/purge|GET /bundle/stats|POST /bundle/warmup|POST /bundle/save|GET /bundle","corridors|zones|affuts|contamination","—"
"visual_proof_live_omega","—","V8_INSTITUTIONAL","GOUVERNANCE","P0-XI-SUPRA","ACTIF_Ω","True","engines/v8_institutional/visual_proof_live_omega.py","engines.v8_institutional.visual_proof_live_omega","6ef5047c7efe50995d1a9f65bb814a7042f344dbe6aa8d30df21a72482bc32eb","7182","VISUAL-PROOF-LIVE-Ω — Capture DOM Leaflet réelle (Phase XI-SUPRA-C)","engines.v8_institutional.engine_science_omega|engines.v8_institutional.engine_render_omega|engines.v8_institutional.registry_lock_omega","GET /visual-proof-live/index|POST /visual-proof-live/generate","","—"
"ENGINE-RENDER-Ω","—","V8_INSTITUTIONAL","GOUVERNANCE","P0-XI-SUPRA","ACTIF_Ω","True","engines/v8_institutional/visual_proof_omega.py","engines.v8_institutional.visual_proof_omega","c14cdcd5a94d0caaeb5d1c74b3b5e40bc5b78e0441135ffbca737fb52aea62c5","13671","VISUAL-PROOF-Ω — Preuve visuelle institutionnelle (Phase XI-SUPRA-B)","engines.v8_institutional.engine_science_omega|engines.v8_institutional.engine_render_omega|engines.v8_institutional.registry_lock_omega","GET /visual-proof/index|POST /visual-proof/generate","corridors|affuts|salines|hotspots","—"
"ENGINE-V8","—","V8_NATIONAL","GOUVERNANCE","X-B","ACTIF_Ω","True","engines/v8_national/exclusion_engine.py","engines.v8_national.exclusion_engine","42cbed5d1c99066b45baa424e1a5819ab7286b57e6c54bb665277571dbd4cfec","21373","EXCLUSION-ENGINE-V8 — Moteur centralise d'exclusion BCE-4X","","GET /decision|GET /status|GET /referential","contamination","—"
"governance","—","V8_NATIONAL","GOUVERNANCE","X-B","ACTIF_Ω","True","engines/v8_national/governance.py","engines.v8_national.governance","690ff6835b7eea1bbfc90e5f6b11171dc6e77f25f1732f0efd1f7106e19d87b8","7661","V8-GOVERNANCE — Master Switch Admin Premium SUPREMACY","","GET /audit|POST /activate|GET /state","","—"
"map_bundle","—","V8_NATIONAL","GOUVERNANCE","X-B","ACTIF_Ω","True","engines/v8_national/map_bundle.py","engines.v8_national.map_bundle","05329cc8c3d2d21945ea4efe146e294d3ee044198e54161f94867dd8455253b7","13480","V8-MAP-BUNDLE — Endpoint unique toutes couches territoire","engines.v8_national.exclusion_engine|engines.v8_national.p1_pipelines|engines.v8_national.phase_c_engines|engines.v8_national.governance|engines.v8_national.referentials|engines.v8_national.phase_b_engines","GET /bundle|GET /bundle/status","corridors|zones|affuts","—"
"ENGINE-V7","—","V8_NATIONAL","GOUVERNANCE","X-B","ACTIF_Ω","True","engines/v8_national/p1_pipelines.py","engines.v8_national.p1_pipelines","ba2d682e255481db3904731933cad57e464f85e7c0e8a01d6415d4d28f997e80","10454","V8-P1 — Pipelines donnees reelles (LiDAR WCS + IRDA Pedologie)","","GET /lidar|GET /status|GET /pedology","","—"
"phase_a_engines","—","V8_NATIONAL","GOUVERNANCE","X-B","ACTIF_Ω","True","engines/v8_national/phase_a_engines.py","engines.v8_national.phase_a_engines","32f454152ef7dea2f1ee55d394bc9d3d9d2b51154f293a43dcb2b00c0146877b","16232","V8-REINTEGRATION-PHASE-A — RELOCALISATION + SALINES","engines.v8_national.exclusion_engine","GET /relocalisation|GET /salines|GET /phase-a/status","salines|contamination","—"
"phase_b_engines","—","V8_NATIONAL","GOUVERNANCE","X-B","ACTIF_Ω","True","engines/v8_national/phase_b_engines.py","engines.v8_national.phase_b_engines","ede994e06f35459e0286acbe32c490c10f3deeec9c19086e2e0df7924cca351f","33451","V8-REINTEGRATION-PHASE-B — ZONES + CORRIDORS + AFFUTS TERRAIN-AWARE","","GET /affuts-ta|GET /zones-ta|GET /corridors-ta|GET /phase-b/status","corridors|zones|affuts","—"
"phase_c_engines","—","V8_NATIONAL","GOUVERNANCE","X-B","ACTIF_Ω","True","engines/v8_national/phase_c_engines.py","engines.v8_national.phase_c_engines","51746ac46e3b629a7cd1b631ddd90ab14ab4a0c447e333e41c80112898289faa","15424","V8-PHASE-C — SCENARIO + THERMAL + MULTI-ENGINE SCORING","engines.v8_national.phase_b_engines|engines.v8_national.phase_a_engines","GET /scenario/presets|GET /multi-score|GET /phase-c/status|GET /thermal|GET /scenario","corridors|zones|affuts","—"
"referentials","—","V8_NATIONAL","GOUVERNANCE","X-B","ACTIF_Ω","True","engines/v8_national/referentials.py","engines.v8_national.referentials","0c610c3466b853a6a7a66643821ba6ca454ac0affc9af4302da45a83de6daa06","13401","V8-NATIONAL — Referentiels nationaux pancanadiens","","","","—"
"engine_corridors_legacy_pre_L","—","V8_INSTITUTIONAL","GOUVERNANCE","Ω","INACTIF_V8_INST","False","engines/v8_institutional/_ARCHIVE_NON_ACTIVE/engine_corridors_legacy_pre_L.py","engines.v8_institutional._ARCHIVE_NON_ACTIVE.engine_corridors_legacy_pre_L","db78bb0e1bdd5adabb9f9257843a75434256032ba02bb9878d5da181f3a10aba","640","ENGINE 02 — CORRIDORS V9-x20","engines.v8_national.phase_b_engines","","","Orphelin V8_INST — validation contextuelle"
"__init__","—","V8_INSTITUTIONAL","GOUVERNANCE","Ω","INACTIF_V8_INST","False","engines/v8_institutional/__init__.py","engines.v8_institutional.__init__","560692b53e3ee83b82c27b550faba282105b7ef6ea235fa2e5508d7e5a141548","305","BIONIC OS — V8-ENGINES-INSTITUTIONNEL-Ω-ULTIME-MAX","","","","Orphelin V8_INST — validation contextuelle"
"engine_cameras","—","V8_INSTITUTIONAL","GOUVERNANCE","Ω","INACTIF_V8_INST","False","engines/v8_institutional/engine_cameras.py","engines.v8_institutional.engine_cameras","4c2a75ffa1c8b5ee62b7fae5ce594c6e6f5d65cac896b0190dc3038aaee014ee","362","ENGINE 17 — CAMERAS","","","","Orphelin V8_INST — validation contextuelle"
"ENGINE-IA-VISION-REGISTRY-Ω","V1.0-PHASE-XI-SUPRA-K-2026-04","V8_INSTITUTIONAL","GOUVERNANCE","Ω","INACTIF_V8_INST","False","engines/v8_institutional/engine_ia_vision_registry_omega.py","engines.v8_institutional.engine_ia_vision_registry_omega","7abd72004637d8bb291797e193c84eda7129bb3559dba64db4a88a6bbc803922","3482","ENGINE-IA-VISION-REGISTRY-Ω — Registre préparatoire IA Vision","engines.v8_institutional.engine_science_omega","GET /validate|GET /status","","Orphelin V8_INST — validation contextuelle"
"engine_nutrition","—","V8_INSTITUTIONAL","GOUVERNANCE","Ω","INACTIF_V8_INST","False","engines/v8_institutional/engine_nutrition.py","engines.v8_institutional.engine_nutrition","04110915819d435e9cdefe2a2cd8e0adcb6753b742f90a34edb7ce201dea44b3","905","ENGINE 08 — NUTRITION-MINERAUX","","","","Orphelin V8_INST — validation contextuelle"
"ENGINE-RENDU-Ω","V1.0-PHASE-XI-SUPRA-K-2026-04","V8_INSTITUTIONAL","GOUVERNANCE","P0-XI-SUPRA","INACTIF_V8_INST","False","engines/v8_institutional/engine_rendu_omega.py","engines.v8_institutional.engine_rendu_omega","96af50ad96bb7b6bcf17cc7b4fd92ddb46df498e7aa68c20ea4397db2f0acb17","13029","ENGINE-RENDU-Ω — Moteur de rendu institutionnel des corridors (Phase XI-SUPRA-K)","engines.v8_institutional.territoire_v10_supra|engines.v8_institutional.engine_science_omega","POST /validate|GET /status|GET /rules","corridors|zones|affuts|salines|hotspots","Orphelin V8_INST — validation contextuelle"
"ENGINE-TERRITOIRE-ANTI-REGRESSION-Ω","—","V8_INSTITUTIONAL","GOUVERNANCE","P0-XI-SUPRA","INACTIF_V8_INST","False","engines/v8_institutional/engine_territoire_anti_regression_omega.py","engines.v8_institutional.engine_territoire_anti_regression_omega","b7ddafc36500ca6d83d547c824c3f56e50cd35f2b788c771e73a44cfb63ba7b2","14013","ENGINE_TERRITOIRE_ANTI_REGRESSION_Ω — Phase XI-SUPRA-G (ORDRE PROTECT-Ω)","engines.v8_institutional.territoire_v10_supra|engines.v8_institutional.engine_science_omega","POST /validate|POST /seal-baseline|GET /status|GET /baseline|GET /journal","corridors|zones|affuts|hotspots|contamination","Orphelin V8_INST — validation contextuelle"
"engines_catalog","—","V8_INSTITUTIONAL","GOUVERNANCE","Ω","INACTIF_V8_INST","False","engines/v8_institutional/engines_catalog.py","engines.v8_institutional.engines_catalog","5687cf6bb94815ede9b4472aed87fbb9bd7d519c8c24366c22a02f69d2022c68","1358","ENGINES-CATALOG-Ω — Endpoint gouvernance","engines.v8_institutional.engine_science_omega|engines.v8_institutional.self_audit_omega","GET /engines-catalog","","Orphelin V8_INST — validation contextuelle"
"hotspots_organic_v1","—","V8_INSTITUTIONAL","GOUVERNANCE","Ω","INACTIF_V8_INST","False","engines/v8_institutional/hotspots_organic_v1.py","engines.v8_institutional.hotspots_organic_v1","1b8b0746900893651e17601f84b59706d81e808fdef58774e4a6bdc8c2dc89f0","2152","STUB — hotspots_organic_v1 (Phase XI-SUPRA-M PREP — NON-Ω)","","","","Orphelin V8_INST — validation contextuelle"
"phase_omega_secure_lockdown","—","V8_INSTITUTIONAL","GOUVERNANCE","Ω","INACTIF_V8_INST","False","engines/v8_institutional/phase_omega_secure_lockdown.py","engines.v8_institutional.phase_omega_secure_lockdown","198dd8a9ff5dd97a48e274acd50a1a61941467c27a89cf415392e75d68da81c7","18370","PHASE_Ω_SECURE_REACTIVATION — FULL_STACK_LOCKDOWN_V12 — CORRIDORS_Ω_CERTIFICATION","engines.v6|engines.v8_institutional.self_audit_omega|engines.v7","","corridors|zones|affuts|salines|hotspots","Orphelin V8_INST — validation contextuelle"
"ENGINE-IA-CORRIDORS-ORGANIC-Ω","—","V8_INSTITUTIONAL","GOUVERNANCE","Ω","INACTIF_V8_INST","False","engines/v8_institutional/piliers_router.py","engines.v8_institutional.piliers_router","c9f6da743d51a3ecbd08ab8f1d0ad673079c52e40dc0bda350c5550c6540ad44","15666","4 PILIERS STRUCTURELS — ORCHESTRATEURS MAITRES","engines.v8_institutional.engine_visibilite|engines.v8_institutional.engine_terrain_cost|engines.v8_institutional.engine_salines|engines.v8_institutional.esi_omega|engines.v8_institutional.engine_vent|engines.v8_institutional.engine_affuts|engines.v8_institutional.engine_heatmap|engines.v8_institutional.engine_frequentation","GET /pilier/prediction-intelligence|GET /pilier/systeme-sensoriel|GET /pilier/comportement-humain|GET /supra-donnees|GET /terrain-v10|GET /status","corridors|zones|affuts|salines|hotspots|contamination","Orphelin V8_INST — validation contextuelle"
"salines_organic_v1","—","V8_INSTITUTIONAL","GOUVERNANCE","Ω","INACTIF_V8_INST","False","engines/v8_institutional/salines_organic_v1.py","engines.v8_institutional.salines_organic_v1","2956ed8ba048e22ed56527417990266b790e692e77f2c07ccea6a1217b0a4a41","2182","STUB — salines_organic_v1 (Phase XI-SUPRA-M PREP — NON-Ω)","","","","Orphelin V8_INST — validation contextuelle"
"supra_v8","—","V8_INSTITUTIONAL","GOUVERNANCE","Ω","INACTIF_V8_INST","False","engines/v8_institutional/supra_v8.py","engines.v8_institutional.supra_v8","519a9b3fc5a4ee4d4f392a857817cd023529035eb1b363d22381425d45b77253","7974","SUPRA V8 — Integration TERRITOIRE → SUPRA","engines.v8_institutional.engine_visibilite|engines.v8_institutional.engine_terrain_cost|engines.v8_institutional.engine_saisonnalite|engines.v8_institutional.engine_salines|engines.v8_institutional.esi_omega|engines.v8_institutional.engine_score_global|engines.v8_institutional.engine_intelligence|engines.v8_institutional.engine_frequentation","GET /recommandation|GET /score|GET /analyse|GET /fiche|GET /status|GET /prediction","","Orphelin V8_INST — validation contextuelle"
"v20_mvt_tiles","—","V8_INSTITUTIONAL","GOUVERNANCE","Ω","INACTIF_V8_INST","False","engines/v8_institutional/v20_mvt_tiles.py","engines.v8_institutional.v20_mvt_tiles","57deb24e20a17fd5bc4e42523f732719f27fa9d04b48345d5089e147ca013568","20093","V20 MVT TILES — PHASE-PERFORMANCE-Omega V11-SUPRA","engines.post_smoothing.veineux_omega|engines.v8_institutional.v20_performance_bundle|engines.v8_institutional.territoire_v10_supra|engines.post_smoothing.renduomega","GET /stats|POST /purge|GET /{layer}/{z}/{x}/{y}.json","corridors|zones|affuts|salines|hotspots|contamination","Orphelin V8_INST — validation contextuelle"
"visual_proof_live_playwright","1.0","V8_INSTITUTIONAL","GOUVERNANCE","P0-XI-SUPRA","INACTIF_V8_INST","False","engines/v8_institutional/visual_proof_live_playwright.py","engines.v8_institutional.visual_proof_live_playwright","491138c341391a368fad21ada4bd479b329092b0d4b9ce7b34622cf3a5c9f536","10881","Playwright capture script — Phase XI-SUPRA-D","","","","Orphelin V8_INST — validation contextuelle"
"zones_organic_v1","—","V8_INSTITUTIONAL","GOUVERNANCE","Ω","INACTIF_V8_INST","False","engines/v8_institutional/zones_organic_v1.py","engines.v8_institutional.zones_organic_v1","87077dae87f3c2048aad2e808e4254a86db6b6266f7b9fd70985976ce3f70922","2201","STUB — zones_organic_v1 (Phase XI-SUPRA-M PREP — NON-Ω)","","","","Orphelin V8_INST — validation contextuelle"
"__init__","—","Ω","GOUVERNANCE","Ω-X","INACTIF_ORPHELIN","False","engines/legal_time_omega/__init__.py","engines.legal_time_omega.__init__","5724b7d5ed8e894a29a6fb7caec76d8646b4532374f755382ca7b8af15b12f18","532","ENGINE_LEGAL_TIME_Ω — Package squelette X199-PREPARATOIRE","","","","—"
"__init__","—","V8_NATIONAL","GOUVERNANCE","X-B","INACTIF_ORPHELIN","False","engines/v8_national/__init__.py","engines.v8_national.__init__","345acca0100309a5da9a6ed92120018346ebdb9da3dbd9132242a2adb18d2e84","52","","","","","—"
"ENGINE-V8","—","V8_NATIONAL","GOUVERNANCE","X-B","INACTIF_ORPHELIN","False","engines/v8_national/router.py","engines.v8_national.router","f18a2e5b35a832da9d9bb1345f43222412ab4b5fe02d8037ff507648765b66ed","13203","V8-NATIONAL — Router API moteurs nationaux","engines.v8_national.exclusion_engine|engines.v8_national.governance","GET /species-profile|GET /score|GET /status|GET /biome-profile|GET /referentials","corridors|zones|affuts","—"
"router","—","Ω","BIO-SYSTEME","Ω-P1","ACTIF_Ω","True","engines/bio_scoring_omega/router.py","engines.bio_scoring_omega.router","690b9b8d90286b85744442715b88b58b8c02f12baf948692794c06927a20cc2e","3768","ENGINE_BIO_SCORING_Ω — Implémentation X200 P0 (support)","engines.bio_scoring_omega.v30_mirror_read_only","GET /status|POST /compute","","—"
"v30_mirror_read_only","—","Ω","BIO-SYSTEME","Ω-P1","ACTIF_Ω","True","engines/bio_scoring_omega/v30_mirror_read_only.py","engines.bio_scoring_omega.v30_mirror_read_only","45d7d0ceebad90bf5219278e134ff15c9322531687807c62b21211f59bb826c9","5222","v30_mirror_read_only.py — Façade-miroir lecture seule V30","engines.v8_institutional","","","—"
"router","—","Ω","BIO-SYSTEME","Ω-P3","ACTIF_Ω","True","engines/predictive_omega/router.py","engines.predictive_omega.router","09b15150fc1ba4e3297d8c781b0c2c1fee918704083567daa6bfc40a35fab12d","6275","ENGINE_PREDICTIVE_Ω — Router FastAPI — X199 ACTIVÉ","engines.legal_time_omega.router|engines.ecoforestry_omega.router|engines.x199_commons|engines.terrain_3d_omega.router","POST /|GET /status","","—"
"external_inflow","—","Ω","BIO-SYSTEME","Ω-XII","ACTIF_Ω","True","engines/reseau_veineux_omega/external_inflow.py","engines.reseau_veineux_omega.external_inflow","bfd70e6944aae817f9a383989505be3dfc1151f9b16687522d8e840eef07004d","16534","external_inflow.py — Logique EXTERNAL INFLOW pour ENGINE_RÉSEAU_VEINEUX_Ω","","","","—"
"router","—","Ω","BIO-SYSTEME","Ω-XII","ACTIF_Ω","True","engines/reseau_veineux_omega/router.py","engines.reseau_veineux_omega.router","0e2eb7cbed7eec7a2691c5c786797c1e89017f4c154261dfd51f3324af2fc389","13401","ENGINE_RESEAU_VEINEUX_Ω — Implémentation X200 P0 (support)","engines.reseau_veineux_omega.external_inflow","POST /external-inflow/preview|GET /external-inflow/status|GET /status|GET /levels|GET /external-inflow/geojson|POST /external-inflow/geojson","salines|fusion","—"
"engine_connectivite","—","V8_INSTITUTIONAL","BIO-SYSTEME","P1-XI","ACTIF_Ω","True","engines/v8_institutional/engine_connectivite.py","engines.v8_institutional.engine_connectivite","a36987bcbdef1771d2a9499b63eee553749aa9fd7ba32943f97b28cbe2dc94bb","737","ENGINE 22 — CONNECTIVITE","engines.v8_national.phase_b_engines","","","—"
"ENGINE-CONNECTIVITE-ECOLOGIQUE-Ω","V1-SUPRA-2026-04","V8_INSTITUTIONAL","BIO-SYSTEME","P1-XI","ACTIF_Ω","True","engines/v8_institutional/engine_connectivite_ecologique_omega.py","engines.v8_institutional.engine_connectivite_ecologique_omega","38f81a039dd91918849a6b86bb09496adf23c5fcf359771e918fe2be26dd41c6","1248","ENGINE-CONNECTIVITE-ECOLOGIQUE-Ω — Connectivité corridors + evitement routes.","engines.v8_institutional.engine_science_omega","","","—"
"ENGINE-CONTAMINATION-Ω","—","V8_INSTITUTIONAL","BIO-SYSTEME","P1-XI","ACTIF_Ω","True","engines/v8_institutional/engine_contamination_v2_omega.py","engines.v8_institutional.engine_contamination_v2_omega","f2edde81070818a5ea1a72e8a1d5a30e48d840b845194f519408aa35330d2e88","4313","ENGINE-CONTAMINATION-Ω V2 + MODULE ANTI-CONTAMINATION-INSTITUTIONNEL-Ω","engines.v8_institutional.engine_science_omega","","","—"
"ENGINE-ESPECE-Ω","V1-SUPRA-2026-04","V8_INSTITUTIONAL","BIO-SYSTEME","P1-XI","ACTIF_Ω","True","engines/v8_institutional/engine_espece_omega.py","engines.v8_institutional.engine_espece_omega","ec260ce8218ca021593c7cf6076dc1abc98566f5e844af647ca5729fb00eff97","975","ENGINE-ESPECE-Ω — Profils espèces depuis catalog SCIENCE-Ω.","engines.v8_institutional.engine_science_omega","","","—"
"ENGINE-HABITAT-SUPRA","V1-SUPRA-2026-04","V8_INSTITUTIONAL","BIO-SYSTEME","P1-XI","ACTIF_Ω","True","engines/v8_institutional/engine_habitat_supra.py","engines.v8_institutional.engine_habitat_supra","4a39bfdc21f375f16fd39b479de5ea302d50c56aee77f87dd12b2ca2307b5dbf","4631","ENGINE-HABITAT-SUPRA — Moteur habitat institutionnel","engines.v8_institutional.engine_science_omega","","","—"
"ENGINE-IA-CORRIDORS-Ω","—","V8_INSTITUTIONAL","BIO-SYSTEME","P1-XI","ACTIF_Ω","True","engines/v8_institutional/engine_ia_corridors_omega.py","engines.v8_institutional.engine_ia_corridors_omega","bcb1e3a6a92304a171978ee7b6be2151e7035c84d8ffc1690839d993be9e39d3","17448","ENGINE IA-CORRIDORS-Ω — Phase XI-SUPRA-H","engines.v8_institutional.territoire_v10_supra|engines.v8_institutional.engine_science_omega|engines.v8_institutional.engine_species_profiles_omega","POST /validate|POST /validate-live|GET /status|GET /explain/{corridor_id}|POST /explain","corridors|salines","—"
"ENGINE-IA-CORRIDORS-ORGANIC-Ω","V2.0-PHASE-XI-SUPRA-N-Ω-NETWORK_LOCKED-2026-04","V8_INSTITUTIONAL","BIO-SYSTEME","P1-XI","ACTIF_Ω","True","engines/v8_institutional/engine_ia_corridors_organic_omega.py","engines.v8_institutional.engine_ia_corridors_organic_omega","027712696407882fb41e34b0325e1f2b8dacb9082a860146659dc7650e6c8fc3","55197","ENGINE-IA-CORRIDORS-ORGANIC-Ω — Phase XI-SUPRA-M (CORRIDORS_ORGANIC_OMEGA)","engines.v8_institutional.territoire_v10_supra|engines.v8_institutional.engine_science_omega","POST /validate|POST /seal-baseline|POST /generate-alt|GET /status|GET /network-hierarchy|GET /modes","corridors|zones|salines|hotspots|contamination","—"
"ENGINE-IA-VISION-ECOLOGIQUE-Ω","V1-SUPRA-2026-04","V8_INSTITUTIONAL","BIO-SYSTEME","P1-XI","ACTIF_Ω","True","engines/v8_institutional/engine_ia_vision_ecologique_omega.py","engines.v8_institutional.engine_ia_vision_ecologique_omega","40204496b3a08575bafc797ee8832d171b10971d89c32bb363616bdb4c159ff7","1584","ENGINE-IA-VISION-ECOLOGIQUE-Ω — IA Vision structure foret + zones probables.","engines.v8_institutional.engine_science_omega","","","—"
"engine_optimisation_habitat_omega","V1-SUPRA-2026-04","V8_INSTITUTIONAL","BIO-SYSTEME","P1-XI","ACTIF_Ω","True","engines/v8_institutional/engine_optimisation_habitat_omega.py","engines.v8_institutional.engine_optimisation_habitat_omega","2710f9ef696293fbbaaab3b273ed8381f5dbb6ff1bbec01a2b3bb0ca7b4062cf","3143","ENGINE_OPTIMISATION_HABITAT_Ω — Synthèse habitat optimisé (territoire ULTIME).","","","fusion","—"
"ENGINE-POPULATION-DYNAMICS-Ω","V1-SUPRA-2026-04","V8_INSTITUTIONAL","BIO-SYSTEME","P1-XI","ACTIF_Ω","True","engines/v8_institutional/engine_population_dynamics_omega.py","engines.v8_institutional.engine_population_dynamics_omega","dfde1cedf8653ff8a2496245d287cc0232ee3446e3f751610549f12216381f14","4463","ENGINE-POPULATION-DYNAMICS-Ω — Demographie multi-especes.","engines.v8_institutional.engine_science_omega","","","—"
"ENGINE-SPECIES-PROFILES-Ω","V1.0-PHASE-XI-SUPRA-K-2026-04","V8_INSTITUTIONAL","BIO-SYSTEME","P1-XI","ACTIF_Ω","True","engines/v8_institutional/engine_species_profiles_omega.py","engines.v8_institutional.engine_species_profiles_omega","635f9bf004c388f46f831c73bf8e0a82b638195a744b5de251635c6361c37ef3","4755","ENGINE-SPECIES-PROFILES-Ω — Registre dynamique des profils d'espèces","engines.v8_institutional.engine_science_omega","GET /validate|GET /status|GET /{species_key}","","—"
"species_modulator_omega","—","V8_INSTITUTIONAL","BIO-SYSTEME","P1-XI","ACTIF_Ω","True","engines/v8_institutional/species_modulator_omega.py","engines.v8_institutional.species_modulator_omega","694ec91834184c57333049824f077e1d9572c70185b39ec64dfcb9f593e8881e","9233","species_modulator_omega.py — PHASE_XVI_ENGINE_CORRIDORS_UNIFIÉ_Ω","","","","—"
"species_presence_mask_omega","—","V8_INSTITUTIONAL","BIO-SYSTEME","P1-XI","ACTIF_Ω","True","engines/v8_institutional/species_presence_mask_omega.py","engines.v8_institutional.species_presence_mask_omega","9a0b42a9f2ea097cd4d4f25dcfe7a58f9ce062062e628c33a5b0e3146a67c290","15218","species_presence_mask_omega.py — PHASE_XVIII_BIO_PRESENCE_MASK_Ω","","","corridors|zones|affuts|salines|hotspots|contamination","—"
"species_weighting_profiles","—","V8_INSTITUTIONAL","BIO-SYSTEME","P1-XI","ACTIF_Ω","True","engines/v8_institutional/species_weighting_profiles.py","engines.v8_institutional.species_weighting_profiles","fd291adaccaa3a075641983e78d4e90d66a940b13acf64e4ceccd8452419cc91","3460","SPECIES WEIGHTING PROFILES — variantes pondérations par espèce (Phase X).","","","zones|hotspots|sensoriel","—"
"router","—","Ω","BIO-SYSTEME","Ω-P1","ACTIF_Ω","True","engines/wildlife_behavior_omega/router.py","engines.wildlife_behavior_omega.router","bf35ea0b0e59ca28ae777b8c1188c3651db415349d548b6c040a26a60b442dab","4910","ENGINE_WILDLIFE_BEHAVIOR_Ω — Implémentation X200 P0","","GET /status|POST /compute","","—"
"__init__","—","Ω","BIO-SYSTEME","Ω-P1","INACTIF_ORPHELIN","False","engines/bio_scoring_omega/__init__.py","engines.bio_scoring_omega.__init__","941fa23447776dbfc96b9e9dcc6cb6fea9c0923c3efcc1884fa2c25044915417","520","ENGINE_BIO_SCORING_Ω — Package squelette X199-PREPARATOIRE","","","","—"
"__init__","—","Ω","BIO-SYSTEME","Ω-P3","INACTIF_ORPHELIN","False","engines/predictive_omega/__init__.py","engines.predictive_omega.__init__","95c1a1fbf60c81c3f267bedd617cb5cbb3b96326ff0df62c0a5537f74ab204c3","542","ENGINE_PREDICTIVE_Ω — Package squelette X199-PREPARATOIRE","","","","—"
"__init__","—","Ω","BIO-SYSTEME","Ω-XII","INACTIF_ORPHELIN","False","engines/reseau_veineux_omega/__init__.py","engines.reseau_veineux_omega.__init__","17954cdf7161b634b5b12e8e6c7ad450bf8c6399841c7556e6a352db576c90b0","537","ENGINE_RESEAU_VEINEUX_Ω — Package squelette X199-PREPARATOIRE","","","","—"
"__init__","—","Ω","BIO-SYSTEME","Ω-P1","INACTIF_ORPHELIN","False","engines/wildlife_behavior_omega/__init__.py","engines.wildlife_behavior_omega.__init__","8424303e2ced6375a4bb2736f4a354073036daa50c682916f1e42508fda8faed","551","ENGINE_WILDLIFE_BEHAVIOR_Ω — Package squelette X199-PREPARATOIRE","","","","—"
"engine_comportement","—","V8_INSTITUTIONAL","COMPORTEMENT-HUMAIN","P1-SUPRA","ACTIF_Ω","True","engines/v8_institutional/engine_comportement.py","engines.v8_institutional.engine_comportement","7b17df3676ccb1f4d4bceeb5a67638df17350d83ecab500f68458a502264310b","1195","ENGINE 13 — COMPORTEMENT","engines.v8_national.phase_b_engines","","","—"
"engine_comportement_avance","—","V8_INSTITUTIONAL","COMPORTEMENT-HUMAIN","P1-SUPRA","ACTIF_Ω","True","engines/v8_institutional/engine_comportement_avance.py","engines.v8_institutional.engine_comportement_avance","6bed1da8553ed6d50c85d34a5791ba2e5f702bb5b77d90d6328464dbcfd27687","681","ENGINE 14 — COMPORTEMENT-AVANCE","engines.v8_national.phase_b_engines","","","—"
"ENGINE-COMPORTEMENT-BIOLOGIQUE-Ω","V1-SUPRA-2026-04","V8_INSTITUTIONAL","COMPORTEMENT-HUMAIN","P1-SUPRA","ACTIF_Ω","True","engines/v8_institutional/engine_comportement_biologique_omega.py","engines.v8_institutional.engine_comportement_biologique_omega","7278489084cbbc28fc663c11173d02d6dc7240193cbecab87ad8a230d994c4e3","1922","ENGINE-COMPORTEMENT-BIOLOGIQUE-Ω — Patterns comportementaux saisonniers.","engines.v8_institutional.engine_science_omega","","corridors","—"
"ENGINE-STRESS-ANTHROPIQUE-Ω","V1-SUPRA-2026-04","V8_INSTITUTIONAL","COMPORTEMENT-HUMAIN","P1-SUPRA","ACTIF_Ω","True","engines/v8_institutional/engine_stress_anthropique_omega.py","engines.v8_institutional.engine_stress_anthropique_omega","b1796c5da86fd8f26e7450d0e6f91d949aa21e4043dd16cc8536f1cf3dd7d68f","4102","ENGINE-STRESS-ANTHROPIQUE-Ω — Moteur pression humaine institutionnel","engines.v8_institutional.engine_science_omega","","","—"
"ENGINE-SENSORIEL-VENT-ODEURS-Ω","V1-SUPRA-2026-04","V8_INSTITUTIONAL","SYSTEME-SENSORIEL","P1","ACTIF_Ω","True","engines/v8_institutional/engine_sensoriel_vent_odeurs_omega.py","engines.v8_institutional.engine_sensoriel_vent_odeurs_omega","cd0d07a06debd8d9c04020af654c4f663750c07daa33bc15afa8bde9e83f6ba4","1768","ENGINE-SENSORIEL-VENT-ODEURS-Ω — Dispersion olfactive + detection vent.","engines.v8_institutional.engine_science_omega","","","—"
"router","—","Ω","ENVIRONNEMENT","Ω-SUPRA","ACTIF_Ω","True","engines/advanced_geospatial_omega/router.py","engines.advanced_geospatial_omega.router","1ba26c9c0c7874a4aee88bd85eb38596b9eb2319091f9ebb0769fc6a9494ccd5","6344","ENGINE_ADVANCED_GEOSPATIAL_Ω — Router FastAPI — X199 ACTIVÉ","engines.x199_commons","POST /|GET /status","fusion","—"
"router","—","Ω","ENVIRONNEMENT","Ω-SUPRA","ACTIF_Ω","True","engines/eco_zones_omega/router.py","engines.eco_zones_omega.router","edc97f665dd230c415dd3867b854717e66b89bf465fce93b513b5960fde85d92","6403","ENGINE_ECO_ZONES_Ω — Implémentation X200 P0","","GET /status|POST /compute|GET /saline-sources","zones|salines","—"
"router","—","Ω","ENVIRONNEMENT","Ω-SUPRA","ACTIF_Ω","True","engines/ecoforestry_omega/router.py","engines.ecoforestry_omega.router","37f26422cd92d62a846f3b12c1b23a128d93874ad8912a022a55b1a5b05708cb","5765","ENGINE_ECOFORESTRY_Ω — Router FastAPI — X199 ACTIVÉ","engines.x199_commons","POST /|GET /status","","—"
"router","—","Ω","ENVIRONNEMENT","Ω-SUPRA","ACTIF_Ω","True","engines/hydro_topo_omega/router.py","engines.hydro_topo_omega.router","64d5f7f4eb8b06194a438a03133863991af633595cad2f5a6be461146cc41a63","4611","ENGINE_HYDRO_TOPO_Ω — Implémentation X200 P0","","GET /status|POST /compute","","—"
"router","—","Ω","ENVIRONNEMENT","Ω-SUPRA","ACTIF_Ω","True","engines/terrain_3d_omega/router.py","engines.terrain_3d_omega.router","1e25c08a5fb6c5af273e16deb075180fce86c8731edfff215a792530cf459c43","5267","ENGINE_3D_TERRAIN_Ω — Router FastAPI — X199 ACTIVÉ","engines.x199_commons","POST /|GET /status","","—"
"engine_canopee_thermique_omega","V1-SUPRA-2026-04","V8_INSTITUTIONAL","ENVIRONNEMENT","P1-X-C","ACTIF_Ω","True","engines/v8_institutional/engine_canopee_thermique_omega.py","engines.v8_institutional.engine_canopee_thermique_omega","bab5b1059f5cd3d050e9e0ea135b9e2e12886cb22da303400ea17f94f73a098f","1352","ENGINE_CANOPÉE_THERMIQUE_Ω — Effet thermique canopée (ombre/refuge).","","","","—"
"ENGINE-CLIMAT-FUTUR-Ω","V1-SUPRA-2026-04","V8_INSTITUTIONAL","ENVIRONNEMENT","P1-X-C","ACTIF_Ω","True","engines/v8_institutional/engine_climat_futur_omega.py","engines.v8_institutional.engine_climat_futur_omega","bc7613fe2a5d805fc5683bf2bca8fdd5f4f507faeae808897a4d107837dcda0e","2679","ENGINE-CLIMAT-FUTUR-Ω — Projections CMIP6 calibrees.","engines.v8_institutional.engine_science_omega","","","—"
"ENGINE-HYDROLOGIE-SUPRA","V1-SUPRA-2026-04","V8_INSTITUTIONAL","ENVIRONNEMENT","P1-X-C","ACTIF_Ω","True","engines/v8_institutional/engine_hydrologie_supra.py","engines.v8_institutional.engine_hydrologie_supra","161f4c611d0c252193a89669c6b319a41631135d1017e58db36920adcdc90cd7","2771","ENGINE-HYDROLOGIE-SUPRA — Moteur hydrologie institutionnel","engines.v8_institutional.engine_science_omega","","","—"
"ENGINE-INFLUENCE-LUNAIRE-Ω","V1-SUPRA-2026-04","V8_INSTITUTIONAL","ENVIRONNEMENT","P1-X-C","ACTIF_Ω","True","engines/v8_institutional/engine_influence_lunaire_omega.py","engines.v8_institutional.engine_influence_lunaire_omega","ff67806c93cc8446a137adf804ac0f0f3090d57a4da389b687aec19b7ef7bdda","2716","ENGINE-INFLUENCE-LUNAIRE-Ω — Phase lunaire + activite faunique.","engines.v8_institutional.engine_science_omega","","","—"
"engine_microclimat_advanced_omega","V1-SUPRA-2026-04","V8_INSTITUTIONAL","ENVIRONNEMENT","P1-X-C","ACTIF_Ω","True","engines/v8_institutional/engine_microclimat_advanced_omega.py","engines.v8_institutional.engine_microclimat_advanced_omega","3f6724c18d0facca2b729b84b6de7e39736adc452936767580f187ab79ce90db","2113","ENGINE_MICROCLIMAT_Ω_ADVANCED — Version avancée microclimat locale.","","","","—"
"engine_pression","—","V8_INSTITUTIONAL","ENVIRONNEMENT","P1-X-C","ACTIF_Ω","True","engines/v8_institutional/engine_pression.py","engines.v8_institutional.engine_pression","db4c96b85fd3c84499a627b09d4a849ad24b0b2be6b054230a1c25874f8fa90f","763","ENGINE 09 — PRESSION HUMAINE","engines.v8_national.phase_b_engines","","","—"
"ENGINE-PRESSION-ATMOSPHERIQUE-Ω","V1-SUPRA-2026-04","V8_INSTITUTIONAL","ENVIRONNEMENT","P1-X-C","ACTIF_Ω","True","engines/v8_institutional/engine_pression_atmospherique_omega.py","engines.v8_institutional.engine_pression_atmospherique_omega","5b839db0039707b730a3c67a850dfb17cd3e01e9a2dfd34ed74e643530256679","2446","ENGINE-PRESSION-ATMOSPHERIQUE-Ω — Pression + tendance + impact faunique.","engines.v8_institutional.engine_science_omega","","","—"
"ENGINE-RISQUES-HYDRO-Ω","—","V8_INSTITUTIONAL","ENVIRONNEMENT","P1-X-C","ACTIF_Ω","True","engines/v8_institutional/engine_risques_hydro_omega.py","engines.v8_institutional.engine_risques_hydro_omega","5b14858da230d7521e2343ea4af898a381f8c0c1070ff9f733ea781b0dd6239d","1799","ENGINE-RISQUES-HYDRO-Ω — Risques hydrologiques pancanadiens (Phase X-C)","engines.v8_institutional.federal_datasets_omega|engines.v8_institutional.engine_science_omega","GET /risques-hydro","","—"
"ENGINE-SOL-SUPRA","V1-SUPRA-2026-04","V8_INSTITUTIONAL","ENVIRONNEMENT","P1-X-C","ACTIF_Ω","True","engines/v8_institutional/engine_sol_supra.py","engines.v8_institutional.engine_sol_supra","e68328855768dae27e58c3f736b57b9da2f49d127f89be86b48795c6243a2be2","2884","ENGINE-SOL-SUPRA — Moteur pédologie institutionnel","engines.v8_institutional.engine_science_omega","","","—"
"ENGINE-THERMIQUE-MICROCLIMAT-Ω","V1-SUPRA-2026-04","V8_INSTITUTIONAL","ENVIRONNEMENT","P1-X-C","ACTIF_Ω","True","engines/v8_institutional/engine_thermique_microclimat_omega.py","engines.v8_institutional.engine_thermique_microclimat_omega","89b85680328ec47eb31b4bfc69a65448c40b66a6e5ae3260b3f07edf77fbc1c1","1570","ENGINE-THERMIQUE-MICROCLIMAT-Ω — Stress thermique + microclimat.","engines.v8_institutional.engine_science_omega","","","—"
"__init__","—","Ω","ENVIRONNEMENT","Ω-SUPRA","INACTIF_ORPHELIN","False","engines/advanced_geospatial_omega/__init__.py","engines.advanced_geospatial_omega.__init__","c9d83e77b014e5dc05cf8eccd9a945a4d2f26a3047ab8d3d819705daea5d43b2","538","ENGINE_ADVANCED_GEOSPATIAL_Ω — Package squelette X199-PREPARATOIRE","","","","—"
"__init__","—","Ω","ENVIRONNEMENT","Ω-SUPRA","INACTIF_ORPHELIN","False","engines/eco_zones_omega/__init__.py","engines.eco_zones_omega.__init__","f5e350081f45316358a360aa7c59ceaaf3e5ba2bdb1e4bb87c95d490d80f49bc","522","ENGINE_ECO_ZONES_Ω — Package squelette X199-PREPARATOIRE","","","","—"
"__init__","—","Ω","ENVIRONNEMENT","Ω-SUPRA","INACTIF_ORPHELIN","False","engines/ecoforestry_omega/__init__.py","engines.ecoforestry_omega.__init__","4f3ab419d74e3f11ec9ecae9d6fbc6ad4545157a6b2b0d081f3937f1a0b911f9","525","ENGINE_ECOFORESTRY_Ω — Package squelette X199-PREPARATOIRE","","","","—"
"__init__","—","Ω","ENVIRONNEMENT","Ω-SUPRA","INACTIF_ORPHELIN","False","engines/hydro_topo_omega/__init__.py","engines.hydro_topo_omega.__init__","bdeef00259211b3201802b5ee687f56641b2b100cc9ee6efd45f544d17de3cf6","529","ENGINE_HYDRO_TOPO_Ω — Package squelette X199-PREPARATOIRE","","","","—"
"__init__","—","Ω","ENVIRONNEMENT","Ω-SUPRA","INACTIF_ORPHELIN","False","engines/terrain_3d_omega/__init__.py","engines.terrain_3d_omega.__init__","5f25b11a7171ecb8cb5db419ba86a8d0a485d8656838f3d38236c027b77eeab1","508","ENGINE_3D_TERRAIN_Ω — Package squelette X199-PREPARATOIRE","","","","—"
"ENGINE-IA-CORRIDORS-ORGANIC-Ω","—","Ω","LEGACY","?","ACTIF_Ω","True","engines/post_smoothing/organic_corridor_smoother.py","engines.post_smoothing.organic_corridor_smoother","7cf53689fb7f42b77ab134d3bed87ad7ed1da9572283a87e07e38b889a127619","40519","organic_corridor_smoother.py — Post-processeur RENDU Ω externe","engines.v8_institutional.species_presence_mask_omega|engines.post_smoothing.renduomega|engines.post_smoothing.predictive_integration|engines.post_smoothing.terrain_signals_builder|engines.v8_institutional|engines.post_smoothing.p1_preparation","GET /smoother-status|POST /generate","corridors|salines","—"
"p1_preparation","—","Ω","LEGACY","?","ACTIF_Ω","True","engines/post_smoothing/p1_preparation.py","engines.post_smoothing.p1_preparation","0144ca6155b784cb326a72bcbc162a69647e369db6ddd3fd3ca70815c181922c","24504","p1_preparation.py — Préparation P1 & Branchement P1.2 EXTERNAL INFLOW → SMOOTHER X180","engines.post_smoothing.terrain_signals_builder|engines.bio_scoring_omega.router|engines.reseau_veineux_omega.router|engines.reseau_veineux_omega.external_inflow","","corridors|salines|fusion","—"
"predictive_integration","—","Ω","LEGACY","?","ACTIF_Ω","True","engines/post_smoothing/predictive_integration.py","engines.post_smoothing.predictive_integration","47dfb202ea545ea46ef36d1862b62b77a70b1f20ae7cabfb59f3805553e17ad5","11632","predictive_integration.py — Intégration ENGINE_PREDICTIVE_Ω dans smoother X180","engines.predictive_omega.router","","corridors","—"
"renduomega","—","Ω","LEGACY","?","ACTIF_Ω","True","engines/post_smoothing/renduomega.py","engines.post_smoothing.renduomega","1c14ec3edf789e46d9549fc9e18eeb7e1306ce527c61bc052f334aef9aa79b3c","28821","ENGINE_RENDUΩ — Validation stricte des corridors avant publication","engines.post_smoothing","","corridors|zones|affuts|salines|hotspots|contamination","—"
"terrain_signals_builder","—","Ω","LEGACY","?","ACTIF_Ω","True","engines/post_smoothing/terrain_signals_builder.py","engines.post_smoothing.terrain_signals_builder","a110fc3d36e9b053b5687d534fc8e5ab70d8cdf245e442d4287e06ab78726f44","15360","terrain_signals_builder.py — Générateur de terrain_signals institutionnels Ω","engines.terrain_3d_omega.router","","","—"
"x199_commons","—","Ω","LEGACY","?","ACTIF_Ω","True","engines/x199_commons.py","engines.x199_commons","e916dbc9527b6f19caade5465ebe698725cadb33ee32233c6836f46b0ce75ea8","2017","x199_commons.py — Triple verrou Ω commun aux 5 engines X199","","","","—"
"anomaly_detector","—","LEGACY","LEGACY","?","ACTIF_LEGACY","True","engines/bdre/anomaly_detector.py","engines.bdre.anomaly_detector","396741ae948b2e5ed7ef399cbf0d2c38fd991f6b95b6349c89ff925d29c1b50b","5367","BDRE — Anomaly Detector (F3)","","","","—"
"corridor_optimizer_v2","—","LEGACY","LEGACY","?","ACTIF_LEGACY","True","engines/bdre/corridor_optimizer_v2.py","engines.bdre.corridor_optimizer_v2","f8dedd4109df8cc5a10e279980249973b2e9ae9121b82a90b2747ce4037a4f47","23822","corridor_optimizer_v2.py — CORRIDOR-FIRST X1 000 000%","","","","—"
"health_monitor","—","LEGACY","LEGACY","?","ACTIF_LEGACY","True","engines/bdre/health_monitor.py","engines.bdre.health_monitor","b0ef40b124744c089c0c58af4dc2b643e8fc6644dc95a225f03d4bd1e0cb70b2","2836","BDRE — Health Monitor (F1)","","","","—"
"institutional_cache","—","LEGACY","LEGACY","?","ACTIF_LEGACY","True","engines/bdre/institutional_cache.py","engines.bdre.institutional_cache","af61b52c7cec62615885e04b21ea590ccc27b3f4f04eb6cd87217814733bd31f","15430","BCE-4X — CACHE INSTITUTIONNEL PERMANENT","engines.bdre.corridor_optimizer_v2|engines.terrain_nav.terrain_graph|engines.terrain_nav|engines.terrain_nav.terrain_sources","","affuts","—"
"corridor_builder","—","LEGACY","LEGACY","?","ACTIF_LEGACY","True","engines/corridor_unified/corridor_builder.py","engines.corridor_unified.corridor_builder","f4e4f98d4e5b483cc074f361587e9edd0f28e12c8548057c2eb50a37fba90557","9557","BCE-4X BLOC 1 — CORRIDOR_UNIFIED BUILDER","engines.terrain_nav|engines.bdre.corridor_optimizer_v2","","","—"
"corridor_model","—","LEGACY","LEGACY","?","ACTIF_LEGACY","True","engines/corridor_unified/corridor_model.py","engines.corridor_unified.corridor_model","bd85c47997f3a690a001d9a00fd564c7f237a286641845fee61f8b456e8ba255","9254","BCE-4X BLOC 1 — CORRIDOR_UNIFIED MODEL","","","","—"
"access_engine","—","LEGACY","LEGACY","?","ACTIF_LEGACY","True","engines/hunt_orchestrator/access_engine.py","engines.hunt_orchestrator.access_engine","1f6d82167783d9ca11c5a59d86c1da7459ef4d5117a6aeb17044e42814321614","35599","BCE-4X P0 — ENGINE ACCES DYNAMIQUE v2","engines.hunt_orchestrator.vent_odeurs|engines.terrain_nav|engines.bdre|engines.terrain_nav.terrain_costs","","","—"
"choix_affuts","—","LEGACY","LEGACY","?","ACTIF_LEGACY","True","engines/hunt_orchestrator/choix_affuts.py","engines.hunt_orchestrator.choix_affuts","846af306006ce60a6f8e8827810e2036eb024017d79f1f1248405688a16969bd","16874","BCE-4X P0-C — ENGINE CHOIX DES AFFUTS v2","engines.hunt_orchestrator.vent_odeurs","","","—"
"orchestrator","—","LEGACY","LEGACY","?","ACTIF_LEGACY","True","engines/hunt_orchestrator/orchestrator.py","engines.hunt_orchestrator.orchestrator","2f78a3f0129eaa56c59a2abbad03ca774e7631e42a3904d84d47eb9502a2b992","17823","BCE-4X P0 — ORCHESTRATEUR DE CHASSE v1","engines.bdre.institutional_cache|engines.hunt_orchestrator.choix_affuts|engines.hunt_orchestrator.access_engine|engines.terrain_nav|engines.hunt_orchestrator.vent_odeurs|engines.bdre|engines.bdre.corridor_optimizer_v2","","","—"
"vent_odeurs","—","LEGACY","LEGACY","?","ACTIF_LEGACY","True","engines/hunt_orchestrator/vent_odeurs.py","engines.hunt_orchestrator.vent_odeurs","99c387b05625177ff5b3f7b28f6055a41d6ec011c8404a0a68aa59ba12a878c2","11395","BCE-4X P0 — ENGINE VENT & ODEURS v1","","","","—"
"x6000_product_score","—","LEGACY","LEGACY","?","ACTIF_LEGACY","True","engines/nutrition_intelligence/x6000_product_score.py","engines.nutrition_intelligence.x6000_product_score","07bfea2885850076d3e95735c66a3ef2dc844f39e27080db091711e061fa440c","11015","x6000 — PRODUCT_SCORE_ENGINE","","","","—"
"candidate_generator","—","LEGACY","LEGACY","?","ACTIF_LEGACY","True","engines/relocation/candidate_generator.py","engines.relocation.candidate_generator","d49a6f3ae5f9ad544eae5db0093072ab4a607184cacc0909fb9e89cc66ec305f","5885","BCE-4X BLOC 3 — CANDIDATE GENERATOR","engines.corridor_unified.corridor_model","","","—"
"relocation_engine","—","LEGACY","LEGACY","?","ACTIF_LEGACY","True","engines/relocation/relocation_engine.py","engines.relocation.relocation_engine","fb04a55c18191a895710cf751169395c7bdba370ff9882d241c76804b9f18fdc","10885","BCE-4X BLOC 3 — RELOCATION ENGINE","engines.relocation.candidate_generator|engines.hunt_orchestrator.choix_affuts|engines.corridor_unified.corridor_model","","affuts","—"
"territory_bridge","—","LEGACY","LEGACY","?","ACTIF_LEGACY","True","engines/supra_advanced/territory_bridge.py","engines.supra_advanced.territory_bridge","01638845bee9333b6b6ea10e936d8280822f56408d010c9a331e7811a114c3ed","5471","SUPRA-REACT-Omega: Territory IA Data Provider for SUPRA v2","","","hotspots","—"
"terrain_costs","—","LEGACY","LEGACY","?","ACTIF_LEGACY","True","engines/terrain_nav/terrain_costs.py","engines.terrain_nav.terrain_costs","992ce471479217badaaff8b007c5b54579e82f7cff2b511bc08527d57a03ad1f","11719","BCE-4X Phase 2.5 — TERRAIN NAV ENGINE (TNE)","","","","—"
"terrain_graph","—","LEGACY","LEGACY","?","ACTIF_LEGACY","True","engines/terrain_nav/terrain_graph.py","engines.terrain_nav.terrain_graph","039f120f296a4661cb2b873d02eaa816a19ae6fb18e0e75d39d24aeace996398","11787","BCE-4X Phase 2.5 — TERRAIN NAV ENGINE (TNE)","","","","—"
"terrain_router","—","LEGACY","LEGACY","?","ACTIF_LEGACY","True","engines/terrain_nav/terrain_router.py","engines.terrain_nav.terrain_router","7b7e1ea91844b06d79450668cfa0bca2fd7b7d322f30ba3dc9af4e4528f016c7","20568","BCE-4X Phase 2.5 — TERRAIN NAV ENGINE (TNE)","","","","—"
"terrain_sources","v1","LEGACY","LEGACY","?","ACTIF_LEGACY","True","engines/terrain_nav/terrain_sources.py","engines.terrain_nav.terrain_sources","6f1e4d22bfa19c5f271488dcb7ea8929cdc83eaa658459ac3bcf6028cbd06efe","17054","BCE-4X Phase 2.5 — TERRAIN NAV ENGINE (TNE)","","","","—"
"router","—","V3","LEGACY","V3","ACTIF_LEGACY","True","engines/weather_v3/router.py","engines.weather_v3.router","636db94adbdd9cbd1ef38108a4a7bc276faaa600566ddf5f86475297ab9b4c55","13020","Weather Engine v3 — BCE-4X / STEEVE-MAX","engines.weather_v3.wind_model_provider|engines.bdre","GET /windgrid|GET /hunting-score|GET /current|GET /nowcast","","—"
"wind_model_provider","—","V3","LEGACY","V3","ACTIF_LEGACY","True","engines/weather_v3/wind_model_provider.py","engines.weather_v3.wind_model_provider","2ff795863f7ef9719d913d8c8a6c23b3ac4971e9e8ce2366b7796b7c6442cefb","6889","BCE-4X — Wind Model Provider Abstraction Layer","","","","—"
"__init__","—","LEGACY","LEGACY","?","INACTIF_LEGACY","False","engines/bdre/__init__.py","engines.bdre.__init__","b2412b738ac1b8efba611e160b7d02c6503742d01a1ace1645e7b9d415f6d02d","3431","BDRE — BIONIC Data Reliability Engine","","","","LEGACY non-conforme à BCE-4X"
"audit_logger","—","LEGACY","LEGACY","?","INACTIF_LEGACY","False","engines/bdre/audit_logger.py","engines.bdre.audit_logger","0cf0aeaee2481bfdd7ac9a7e3239804e12f796f5f32abbe06925d32314e1d5c8","3292","BDRE — Audit Logger (F6)","","","","LEGACY non-conforme à BCE-4X"
"fallback_chain","—","LEGACY","LEGACY","?","INACTIF_LEGACY","False","engines/bdre/fallback_chain.py","engines.bdre.fallback_chain","21ef92978293ee38be967b6b1fcb73a3016cace0148b19609e54efb4178a5794","22722","BDRE — Fallback Chain (F5)","engines.terrain_nav.terrain_router|engines.hunt_orchestrator.access_engine|engines.terrain_nav|engines.bdre.corridor_optimizer_v2","","","LEGACY non-conforme à BCE-4X"
"quality_scorer","—","LEGACY","LEGACY","?","INACTIF_LEGACY","False","engines/bdre/quality_scorer.py","engines.bdre.quality_scorer","20d8f43df07515160d360addd7d5ee51b678eb716b1d46aae69464984e668d25","7294","BDRE — Quality Scorer (F2)","","","","LEGACY non-conforme à BCE-4X"
"router","—","LEGACY","LEGACY","?","INACTIF_LEGACY","False","engines/bdre/router.py","engines.bdre.router","c3daf59360e065abdfaa5bf9d275038a40ec049407982189563f904a5b7b51a3","19282","BDRE — Router (8 endpoints)","engines.bdre.institutional_cache|engines.bdre","GET /fallbacks/recent|GET /quality/report|GET /anomalies/recent|GET /dashboard|GET /monitor/status|GET /health","corridors|affuts","LEGACY non-conforme à BCE-4X"
"source_registry","—","LEGACY","LEGACY","?","INACTIF_LEGACY","False","engines/bdre/source_registry.py","engines.bdre.source_registry","8179d2621f63b0897c8669a9898c9f31663a4dbbefe1e3811a85eec4c0ebbf58","8120","BDRE — Source Registry (F1/F2)","","","","LEGACY non-conforme à BCE-4X"
"source_selector","—","LEGACY","LEGACY","?","INACTIF_LEGACY","False","engines/bdre/source_selector.py","engines.bdre.source_selector","9b2cc4a065fb9693e12f35b6a95ce7c96fad5ed982bc437ae206dab9c2928af7","2399","BDRE — Source Selector (F4)","","","","LEGACY non-conforme à BCE-4X"
"waterway_classifier","—","LEGACY","LEGACY","?","INACTIF_LEGACY","False","engines/bdre/waterway_classifier.py","engines.bdre.waterway_classifier","e6c7ded32715ca4d2a4c5fdc78dee02646043b34eff0ac3c30ff0bdf3a298f58","4520","BDRE — Waterway Classifier (DS-8 Resolution)","","","","LEGACY non-conforme à BCE-4X"
"__init__","—","LEGACY","LEGACY","?","INACTIF_LEGACY","False","engines/corridor_unified/__init__.py","engines.corridor_unified.__init__","0b90008baa28d92cf0befd42e7e7957b4590d2718fc6beea6453232d9d5359e9","111","","","","","LEGACY non-conforme à BCE-4X"
"router","—","LEGACY","LEGACY","?","INACTIF_LEGACY","False","engines/corridor_unified/router.py","engines.corridor_unified.router","a91ba0bbfab7c6b57df3edabec0719620d912c667f3ada8f9727652a265eb191","7024","BCE-4X BLOC 1 — CORRIDOR_UNIFIED API","engines.corridor_unified.corridor_builder|engines.corridor_unified.corridor_model","POST /build|GET /status|POST /audit-exclusions","corridors|contamination","LEGACY non-conforme à BCE-4X"
"__init__","—","LEGACY","LEGACY","?","INACTIF_LEGACY","False","engines/hunt_orchestrator/__init__.py","engines.hunt_orchestrator.__init__","3374506dd2048070428ac80058ec70810aa3ee33a49842c9afc5c9f0c4df6a5a","456","BCE-4X P0 — HUNT ORCHESTRATOR ENGINE","","","","LEGACY non-conforme à BCE-4X"
"router","—","LEGACY","LEGACY","?","INACTIF_LEGACY","False","engines/hunt_orchestrator/router.py","engines.hunt_orchestrator.router","fc3d4bd8f45f5e41b074a58d8c08a745ecc310ccb4e957e6f344f07775d06976","16253","BCE-4X P0 — HUNT ORCHESTRATOR API","engines.hunt_orchestrator.orchestrator|engines.hunt_orchestrator.vent_odeurs|engines.terrain_nav.terrain_sources","GET /terrain-cache/stats|GET /status|POST /scent-zone|POST /contamination-zones|POST /access-route|POST /terrain-cache/invalidate","zones","LEGACY non-conforme à BCE-4X"
"__init__","—","LEGACY","LEGACY","?","INACTIF_LEGACY","False","engines/nutrition_intelligence/__init__.py","engines.nutrition_intelligence.__init__","27d3d1e9d6942326c5ea9f1af888fd03d0f8e374121aa03fc85d0c7cf2b331c0","1361","Nutrition Intelligence Engine Package — x5000 SUPRA + x6000 + x6010-x6012","","","","LEGACY non-conforme à BCE-4X"
"ENGINE-V7","V6","LEGACY","LEGACY","?","INACTIF_LEGACY","False","engines/nutrition_intelligence/router.py","engines.nutrition_intelligence.router","f75762f4e9344fc9ecd6f696bbe616c18c6a317c9e3de09d6c1d5136f57bd6e7","35742","API Router — Nutrition Intelligence x5000 SUPRA + x6000 + x6010-x6012","engines.nutrition_intelligence|engines.supra_advanced.territory_bridge","POST /products/compliance|POST /products/ecosystem|GET /evidence|GET /supplier/submission/{submission_id}|GET /terrain/solutions|POST /supplier/activate","corridors|hotspots","LEGACY non-conforme à BCE-4X"
"x5100_mineral_score","—","LEGACY","LEGACY","?","INACTIF_LEGACY","False","engines/nutrition_intelligence/x5100_mineral_score.py","engines.nutrition_intelligence.x5100_mineral_score","612120c19bf068b0aa87209a9838a1f598ea832308f17709e7787c908ebe5230","5904","×5100 — MINERAL_SCORE_ENGINE","","","","LEGACY non-conforme à BCE-4X"
"x5200_mineral_recommendation","—","LEGACY","LEGACY","?","INACTIF_LEGACY","False","engines/nutrition_intelligence/x5200_mineral_recommendation.py","engines.nutrition_intelligence.x5200_mineral_recommendation","61acbd99f2fff019e7ab0e988799279b0035d2bb7f5626419c5774d59d3353a1","4286","×5200 — MINERAL_RECOMMENDATION_ENGINE","","","","LEGACY non-conforme à BCE-4X"
"x5300_order_engine","—","LEGACY","LEGACY","?","INACTIF_LEGACY","False","engines/nutrition_intelligence/x5300_order_engine.py","engines.nutrition_intelligence.x5300_order_engine","a3342f2e149abab3d57bf7ed0610cd2f29f91aa2e6b1e9c01fa9f48a66f2ebd1","2175","×5300 — ORDER_ENGINE","","","","LEGACY non-conforme à BCE-4X"
"x5500_energy_protein","—","LEGACY","LEGACY","?","INACTIF_LEGACY","False","engines/nutrition_intelligence/x5500_energy_protein.py","engines.nutrition_intelligence.x5500_energy_protein","a1aa53f156bdaf9b278f9f1fb9207a75e39313c669b49cb3f62783e2f99a0376","15685","×5500 — ENERGY_PROTEIN_ENGINE","","","","LEGACY non-conforme à BCE-4X"
"x5600_site_guide","—","LEGACY","LEGACY","?","INACTIF_LEGACY","False","engines/nutrition_intelligence/x5600_site_guide.py","engines.nutrition_intelligence.x5600_site_guide","85e93f9bcd60568e6c85d3a3902edfe893f64fd03413122e439b2efa349983d9","9037","×5600 — SITE_GUIDE_ENGINE","","","","LEGACY non-conforme à BCE-4X"
"x5700_cost_engine","—","LEGACY","LEGACY","?","INACTIF_LEGACY","False","engines/nutrition_intelligence/x5700_cost_engine.py","engines.nutrition_intelligence.x5700_cost_engine","62e1dc0008af9719037b907f981f129f3a5f2cb0fcf362dcd379cf54b6e6d6bb","3287","×5700 — COST_ENGINE","","","","LEGACY non-conforme à BCE-4X"
"x5800_recipe_engine","—","LEGACY","LEGACY","?","INACTIF_LEGACY","False","engines/nutrition_intelligence/x5800_recipe_engine.py","engines.nutrition_intelligence.x5800_recipe_engine","1d1593ad02541aec6f9c026a2d09970d2253103169b9d6f72886fb721a7553ea","3496","×5800 — RECIPE_ENGINE","","","","LEGACY non-conforme à BCE-4X"
"x5900_evidence_engine","—","LEGACY","LEGACY","?","INACTIF_LEGACY","False","engines/nutrition_intelligence/x5900_evidence_engine.py","engines.nutrition_intelligence.x5900_evidence_engine","7759654fb7669203e02e7001b5760fed8c31959a3b7b87e22ea4d4ddc1b1a409","10974","x5900 — EVIDENCE_ENGINE V2","","","","LEGACY non-conforme à BCE-4X"
"x6010_product_quality_analyzer","—","LEGACY","LEGACY","?","INACTIF_LEGACY","False","engines/nutrition_intelligence/x6010_product_quality_analyzer.py","engines.nutrition_intelligence.x6010_product_quality_analyzer","7ad548cf41c319d9ba496b39710db5522f39902f7edfae9b4c881bca4c8e78fc","7727","x6010 — PRODUCT_QUALITY_ANALYZER","engines.nutrition_intelligence.x6000_product_score","","","LEGACY non-conforme à BCE-4X"
"x6011_market_availability_engine","—","LEGACY","LEGACY","?","INACTIF_LEGACY","False","engines/nutrition_intelligence/x6011_market_availability_engine.py","engines.nutrition_intelligence.x6011_market_availability_engine","544433ede26ba8a060a03ca74cd947e272cef2515712ccec49b79e5a96473e4b","12560","x6011 — MARKET_AVAILABILITY_ENGINE","","","","LEGACY non-conforme à BCE-4X"
"x6012_regulatory_compliance_engine","—","LEGACY","LEGACY","?","INACTIF_LEGACY","False","engines/nutrition_intelligence/x6012_regulatory_compliance_engine.py","engines.nutrition_intelligence.x6012_regulatory_compliance_engine","e07d6a282633551e4b4e4a5cae1b6a68c14f4a6367dec20c55fe0e56c857fa28","11499","x6012 — REGULATORY_COMPLIANCE_ENGINE","","","","LEGACY non-conforme à BCE-4X"
"x6020_terrain_solutions","—","LEGACY","LEGACY","?","INACTIF_LEGACY","False","engines/nutrition_intelligence/x6020_terrain_solutions.py","engines.nutrition_intelligence.x6020_terrain_solutions","966c41a5c0b3cdd94d594a4a96c758d4c150c3f4f8ca54fb3905bec5fecf062d","14668","x6020 — TERRAIN_SOLUTIONS_ENGINE","","","salines","LEGACY non-conforme à BCE-4X"
"x6030_product_ecosystem","—","LEGACY","LEGACY","?","INACTIF_LEGACY","False","engines/nutrition_intelligence/x6030_product_ecosystem.py","engines.nutrition_intelligence.x6030_product_ecosystem","3e633d24b3a265be9b04bfbbb985399de47f8e9404825e0577c79a9c0619b924","12177","x6030 — PRODUCT_ECOSYSTEM_CONNECTOR","","","","LEGACY non-conforme à BCE-4X"
"x7000_supplier_product_engine","—","LEGACY","LEGACY","?","INACTIF_LEGACY","False","engines/nutrition_intelligence/x7000_supplier_product_engine.py","engines.nutrition_intelligence.x7000_supplier_product_engine","515002deb9cfa2b778d08be028019933a2b88443951319a853718f9aaed9bc07","9953","x7000 — SUPPLIER_PRODUCT_ENGINE (MongoDB)","","","","LEGACY non-conforme à BCE-4X"
"__init__","—","LEGACY","LEGACY","?","INACTIF_LEGACY","False","engines/post_smoothing/__init__.py","engines.post_smoothing.__init__","d8bea42c1665da903f0b0ba3bb945768efa896bf5949be1353c1ef0b46c9c9e2","283","post_smoothing — Module institutionnel HORS registre V30.","","","","LEGACY non-conforme à BCE-4X"
"__init__","—","LEGACY","LEGACY","?","INACTIF_LEGACY","False","engines/relocation/__init__.py","engines.relocation.__init__","70a5257b66fa238aef59001f182349e8bbc5e4e622fa8056ae66e8455193bb3f","121","","","","","LEGACY non-conforme à BCE-4X"
"router","—","LEGACY","LEGACY","?","INACTIF_LEGACY","False","engines/relocation/router.py","engines.relocation.router","3f826f109d86425f631d7a0153f960e48b954a068431fe25eb913d476d3479a3","4688","BCE-4X BLOC 3 — RELOCALISATION AUTOMATIQUE API","engines.relocation.relocation_engine|engines.corridor_unified.corridor_builder","GET /status|POST /evaluate","","LEGACY non-conforme à BCE-4X"
"ENGINE-V7","—","V7","LEGACY","V7","INACTIF_LEGACY","False","engines/spatial_engine_v7/__init__.py","engines.spatial_engine_v7.__init__","5776153084c2e9b097b8255f85c10616c83307a94170eff660965fd4ac37041f","53","","","","","LEGACY non-conforme à BCE-4X"
"ENGINE-V7","—","V7","LEGACY","V7","INACTIF_LEGACY","False","engines/spatial_engine_v7/router.py","engines.spatial_engine_v7.router","adcd1b22918466eb3f05e0d40618feae49d087c4a010eb28c3c28b8e1f817968","30360","SPATIAL-ENGINE-V7 — Moteur geospatial central","","GET /scoring|GET /vision-scoring|GET /zones|GET /heatmap|GET /status|GET /amenagement","corridors|zones|salines|hotspots","LEGACY non-conforme à BCE-4X"
"__init__","—","LEGACY","LEGACY","?","INACTIF_LEGACY","False","engines/supra_advanced/__init__.py","engines.supra_advanced.__init__","06bbb37510fa098d2261e6a97008a0df59d9f1d45c7bb6bc65359d0d2fcd7558","36","","","","","LEGACY non-conforme à BCE-4X"
"router","—","LEGACY","LEGACY","?","INACTIF_LEGACY","False","engines/supra_advanced/router.py","engines.supra_advanced.router","e59bb9491b2c35b9de146bf86697f4bd0f5a8eca599a4161296abedbb7f3e8df","11568","SUPRA Advanced Engines — BCE-4X / STEEVE-MAX","engines.weather_v3.router","GET /recommendations|GET /weather-terrain-correlation|GET /risk-assessment|GET /terrain-relevance","","LEGACY non-conforme à BCE-4X"
"ENGINE-V7","—","V7","LEGACY","V7","INACTIF_LEGACY","False","engines/supra_engine_v7/__init__.py","engines.supra_engine_v7.__init__","f22160ec405072494e0ab0c67c73d85e1eb559fb1c0894d08bbb37384d729a94","52","","","","","LEGACY non-conforme à BCE-4X"
"ENGINE-V7","—","V7","LEGACY","V7","INACTIF_LEGACY","False","engines/supra_engine_v7/router.py","engines.supra_engine_v7.router","853c38ba273a98409bfe84098104a5279ef5d60db72a38818ccea7c65a6f0d52","13823","SUPRA-ENGINE-V7 — Moteur decisionnel central","","POST /fiche|GET /status|GET /compare|POST /analyse|POST /recommande|POST /commande","","LEGACY non-conforme à BCE-4X"
"__init__","—","LEGACY","LEGACY","?","INACTIF_LEGACY","False","engines/terrain_nav/__init__.py","engines.terrain_nav.__init__","ed8a4f58a9e3a795ba23de3bf7a46d646778bb79efa4bdccd85d22b7574377af","7041","BCE-4X Phase 2.5 — TERRAIN NAV ENGINE (TNE)","engines.bdre.health_monitor|engines.bdre.anomaly_detector|engines.bdre","","","LEGACY non-conforme à BCE-4X"
"__init__","—","V3","LEGACY","V3","INACTIF_LEGACY","False","engines/weather_v3/__init__.py","engines.weather_v3.__init__","07356eb74fd40746885ba4e65bfa1078c412e0183d0ddad801e40070a2bb827d","31","","","","","LEGACY non-conforme à BCE-4X"
